-- phpMyAdmin SQL Dump
-- version 4.9.7
-- https://www.phpmyadmin.net/
--
-- Host: 127.0.0.1:3306
-- Generation Time: Jun 06, 2022 at 03:59 PM
-- Server version: 8.0.27
-- PHP Version: 7.4.26

SET SQL_MODE = "NO_AUTO_VALUE_ON_ZERO";
SET AUTOCOMMIT = 0;
START TRANSACTION;
SET time_zone = "+00:00";


/*!40101 SET @OLD_CHARACTER_SET_CLIENT=@@CHARACTER_SET_CLIENT */;
/*!40101 SET @OLD_CHARACTER_SET_RESULTS=@@CHARACTER_SET_RESULTS */;
/*!40101 SET @OLD_COLLATION_CONNECTION=@@COLLATION_CONNECTION */;
/*!40101 SET NAMES utf8mb4 */;

--
-- Database: `slovko`
--
CREATE DATABASE IF NOT EXISTS `slovko` DEFAULT CHARACTER SET utf8 COLLATE utf8_unicode_ci;
USE `slovko`;

-- --------------------------------------------------------

--
-- Table structure for table `igra`
--

DROP TABLE IF EXISTS `igra`;
CREATE TABLE IF NOT EXISTS `igra` (
  `idI` int NOT NULL AUTO_INCREMENT,
  `brojPokusaja1` int NOT NULL,
  `brojPokusaja2` int NOT NULL,
  `vreme1` int NOT NULL,
  `vreme2` int NOT NULL,
  `pobeda1` tinyint(1) DEFAULT NULL,
  `username1` varchar(50) CHARACTER SET utf8 COLLATE utf8_unicode_ci NOT NULL,
  `username2` varchar(50) CHARACTER SET utf8 COLLATE utf8_unicode_ci NOT NULL,
  PRIMARY KEY (`idI`),
  KEY `fk_igra_korisnik1` (`username1`),
  KEY `fk_igra_korisnik2` (`username2`)
) ENGINE=InnoDB AUTO_INCREMENT=58 DEFAULT CHARSET=utf8mb3 COLLATE=utf8_unicode_ci;

--
-- Dumping data for table `igra`
--

INSERT INTO `igra` (`idI`, `brojPokusaja1`, `brojPokusaja2`, `vreme1`, `vreme2`, `pobeda1`, `username1`, `username2`) VALUES
(1, 2, 5, 120, 120, NULL, 'marko', 'petar'),
(2, 2, 2, 40, 23, 0, 'marko', 'petar'),
(3, 4, 2, 37, 30, 0, 'marko', 'petar'),
(4, 0, 0, 0, 0, NULL, 'marko', 'petar'),
(5, 2, 2, 14, 16, 1, 'marko', 'petar'),
(6, 6, 2, 46, 39, 0, 'marko', 'petar'),
(7, 2, 1, 8, 11, 0, 'marko', 'petar'),
(8, 1, 1, 11, 8, NULL, 'petar', 'marko'),
(9, 1, 1, 5, 7, NULL, 'marko', 'petar'),
(10, 4, 2, 37, 30, 0, 'marko', 'petar'),
(11, 4, 2, 120, 120, NULL, 'marko', 'petar'),
(12, 4, 2, 120, 120, NULL, 'marko', 'petar'),
(13, 4, 2, 120, 120, NULL, 'marko', 'petar'),
(14, 4, 2, 120, 120, NULL, 'marko', 'petar'),
(15, 4, 2, 120, 120, NULL, 'marko', 'petar'),
(16, 4, 2, 120, 120, NULL, 'marko', 'petar'),
(17, 4, 2, 120, 120, NULL, 'marko', 'petar'),
(18, 4, 2, 120, 120, NULL, 'marko', 'petar'),
(19, 4, 2, 120, 120, NULL, 'marko', 'petar'),
(20, 4, 2, 120, 120, NULL, 'marko', 'petar'),
(21, 4, 2, 120, 120, NULL, 'marko', 'petar'),
(22, 4, 2, 120, 120, NULL, 'marko', 'petar'),
(23, 4, 2, 120, 120, NULL, 'marko', 'petar'),
(24, 4, 2, 120, 120, NULL, 'marko', 'petar'),
(25, 4, 2, 120, 120, NULL, 'marko', 'petar'),
(26, 4, 2, 120, 120, NULL, 'marko', 'petar'),
(27, 4, 2, 120, 120, NULL, 'marko', 'petar'),
(28, 4, 2, 120, 120, NULL, 'marko', 'petar'),
(29, 4, 2, 120, 120, NULL, 'marko', 'petar'),
(30, 4, 2, 120, 120, NULL, 'marko', 'petar'),
(31, 4, 2, 120, 120, NULL, 'marko', 'petar'),
(32, 4, 2, 120, 120, NULL, 'marko', 'petar'),
(33, 4, 2, 120, 120, NULL, 'marko', 'petar'),
(34, 4, 2, 120, 120, NULL, 'marko', 'petar'),
(35, 4, 2, 120, 120, NULL, 'marko', 'petar'),
(36, 4, 2, 120, 120, NULL, 'marko', 'petar'),
(37, 4, 2, 120, 120, NULL, 'marko', 'petar'),
(38, 4, 2, 120, 120, NULL, 'marko', 'petar'),
(39, 4, 2, 120, 120, NULL, 'marko', 'petar'),
(40, 4, 2, 120, 120, NULL, 'marko', 'petar'),
(41, 4, 2, 120, 120, NULL, 'marko', 'petar'),
(42, 4, 2, 120, 120, NULL, 'marko', 'petar'),
(43, 4, 2, 120, 120, NULL, 'marko', 'petar'),
(44, 4, 2, 120, 120, NULL, 'marko', 'petar'),
(45, 4, 2, 120, 120, NULL, 'marko', 'petar'),
(46, 4, 2, 120, 120, NULL, 'marko', 'petar'),
(47, 4, 2, 120, 120, NULL, 'marko', 'petar'),
(48, 4, 2, 120, 120, NULL, 'marko', 'petar'),
(49, 4, 2, 120, 120, NULL, 'marko', 'petar'),
(50, 4, 2, 120, 120, NULL, 'marko', 'petar'),
(54, 1, 1, 9, 12, NULL, 'marko', 'petar'),
(55, 1, 1, 5, 17, 1, 'marko', 'petar'),
(56, 1, 2, 10, 16, 1, 'petar', 'marko'),
(57, 1, 1, 120, 120, NULL, 'marko', 'petar');

-- --------------------------------------------------------

--
-- Table structure for table `korisnik`
--

DROP TABLE IF EXISTS `korisnik`;
CREATE TABLE IF NOT EXISTS `korisnik` (
  `username` varchar(50) CHARACTER SET utf8 COLLATE utf8_unicode_ci NOT NULL,
  `lozinka` varchar(255) CHARACTER SET utf8 COLLATE utf8_unicode_ci NOT NULL,
  `ime` varchar(50) CHARACTER SET utf8 COLLATE utf8_unicode_ci NOT NULL,
  `prezime` varchar(50) CHARACTER SET utf8 COLLATE utf8_unicode_ci NOT NULL,
  `vip` tinyint(1) NOT NULL,
  `admin` tinyint(1) NOT NULL,
  `email` varchar(50) CHARACTER SET utf8 COLLATE utf8_unicode_ci NOT NULL,
  `odobren` tinyint(1) NOT NULL DEFAULT '1',
  PRIMARY KEY (`username`),
  UNIQUE KEY `username` (`username`)
) ENGINE=InnoDB DEFAULT CHARSET=utf8mb3 COLLATE=utf8_unicode_ci;

--
-- Dumping data for table `korisnik`
--

INSERT INTO `korisnik` (`username`, `lozinka`, `ime`, `prezime`, `vip`, `admin`, `email`, `odobren`) VALUES
('iva', '$2y$10$cAkX0.Mj19tGnpVmli835.Lntu7aiIFx7TmOxjZNKMFqvNZ5MfOvS', 'Iva', 'Potkonjak', 0, 1, 'iva@mail.com', 1),
('kaca', '$2y$10$5pvpZkXeGshZoSh7OvFemuj8mXW1/z5uvzhMVyJlGwdkiPmOOGl/G', 'Katarina', 'Jocic', 0, 1, 'katarina@gmail.com', 1),
('luka', '$2y$10$2HmtUHeyLdftsL.YdW33L.GM02bz42UBReB6UROGh66./iafRVsjq', 'Luka', 'Hrvacevic', 0, 1, 'luka@mail.com', 1),
('marko', '$2y$10$BIezPyU7Nh3bMYsZM17nd.232JVMkDyNzXC6GOx/SdNLtGrHB0kbG', 'Marko', 'Markovic', 1, 0, 'marko@mail.com', 1),
('mika', '$2y$10$WLMXw8d4B5Nk8jHCR4C.Xe0Ctiz9xq9gPXlmFVyY4THvCj5WN9G1C', 'Mika', 'Mikic', 1, 0, 'mika@mail.com', 1),
('nikola', '$2y$10$cWceNiLNaroNf7306ZKg2u.ZGzgjhEGT8RjV2CSOJVBanXhh6ouzW', 'Nikola', 'Nikolic', 0, 0, 'nikola@gmail.com', 0),
('petar', '$2y$10$fz3qsg80Zjt1ne9BnyAc7ebYU2AwXPWtNE/m.3Ji/eC/TZ9xp68r2', 'Petar', 'Petrovic', 1, 0, 'petar@mail.com', 1),
('uros', '$2y$10$3iUI8K1qvrAZzjdnawde3ehkP5DYrxAf7bWwG/wAkhINCr8OusREO', 'Uros', 'Mutavdzic', 0, 1, 'uros@mail.com', 1),
('zika', '$2y$10$k3RIqAe6mnrhpdhiLk0SM.zXlMst6aYVLw7TA/iJwmKTYlSs0JW6y', 'Zika', 'Zikic', 0, 0, 'zika@gmail.com', 1);

-- --------------------------------------------------------

--
-- Table structure for table `prijava_greske`
--

DROP TABLE IF EXISTS `prijava_greske`;
CREATE TABLE IF NOT EXISTS `prijava_greske` (
  `idP` int NOT NULL AUTO_INCREMENT,
  `opis` text CHARACTER SET utf8 COLLATE utf8_unicode_ci,
  `evidentirano` tinyint(1) NOT NULL,
  `admin` varchar(50) CHARACTER SET utf8 COLLATE utf8_unicode_ci DEFAULT NULL,
  `username` varchar(50) CHARACTER SET utf8 COLLATE utf8_unicode_ci NOT NULL,
  PRIMARY KEY (`idP`),
  KEY `fk_PrijavaGreske_Admin` (`admin`),
  KEY `fk_PrijavaGreske_Korisnik` (`username`)
) ENGINE=InnoDB AUTO_INCREMENT=7 DEFAULT CHARSET=utf8mb3 COLLATE=utf8_unicode_ci;

--
-- Dumping data for table `prijava_greske`
--

INSERT INTO `prijava_greske` (`idP`, `opis`, `evidentirano`, `admin`, `username`) VALUES
(1, 'Rec predja ne postoji!', 1, 'uros', 'marko'),
(2, 'Rec tetke ne postoji\r\n', 1, 'uros', 'petar'),
(3, 'muske ne postoji\r\n', 1, 'uros', 'petar'),
(4, 'estar ne postoji', 1, 'uros', 'petar'),
(5, 'rec bosna ne postoji\r\n', 1, 'uros', 'marko'),
(6, 'Rec tokaj ne postoji', 1, 'uros', 'marko');

-- --------------------------------------------------------

--
-- Table structure for table `reci`
--

DROP TABLE IF EXISTS `reci`;
CREATE TABLE IF NOT EXISTS `reci` (
  `idR` int NOT NULL AUTO_INCREMENT,
  `rec` char(5) CHARACTER SET utf8 COLLATE utf8_unicode_ci NOT NULL,
  PRIMARY KEY (`idR`)
) ENGINE=InnoDB AUTO_INCREMENT=3245 DEFAULT CHARSET=utf8mb3 COLLATE=utf8_unicode_ci;

--
-- Dumping data for table `reci`
--

INSERT INTO `reci` (`idR`, `rec`) VALUES
(1, 'авакс'),
(2, 'аванс'),
(3, 'авети'),
(4, 'авион'),
(5, 'агава'),
(6, 'агаве'),
(7, 'агапе'),
(8, 'агенс'),
(9, 'агент'),
(10, 'агора'),
(11, 'аграр'),
(12, 'агрум'),
(13, 'админ'),
(14, 'адути'),
(15, 'азили'),
(16, 'азија'),
(17, 'акорд'),
(18, 'акреп'),
(19, 'акрил'),
(20, 'актер'),
(21, 'актив'),
(22, 'алава'),
(23, 'аларм'),
(24, 'албум'),
(25, 'алева'),
(26, 'алеја'),
(27, 'алиби'),
(28, 'алкан'),
(29, 'алкен'),
(30, 'алкос'),
(31, 'алоја'),
(32, 'амбар'),
(33, 'амбис'),
(34, 'амеба'),
(35, 'ампер'),
(36, 'андол'),
(37, 'анекс'),
(38, 'анода'),
(39, 'аноде'),
(40, 'анђео'),
(41, 'анјон'),
(42, 'аорта'),
(43, 'аорте'),
(44, 'аплет'),
(45, 'апоен'),
(46, 'април'),
(47, 'аргон'),
(48, 'арена'),
(49, 'арене'),
(50, 'арија'),
(51, 'арије'),
(52, 'арома'),
(53, 'ароме'),
(54, 'арсен'),
(55, 'архив'),
(56, 'астал'),
(57, 'астма'),
(58, 'асура'),
(59, 'атаци'),
(60, 'аташе'),
(61, 'атест'),
(62, 'атеље'),
(63, 'атлас'),
(64, 'атоми'),
(65, 'аудио'),
(66, 'аутор'),
(67, 'афера'),
(68, 'афтер'),
(69, 'ашови'),
(70, 'ајвар'),
(71, 'бабун'),
(72, 'багер'),
(73, 'багет'),
(74, 'багра'),
(75, 'бадем'),
(76, 'базар'),
(77, 'базен'),
(78, 'базна'),
(79, 'базни'),
(80, 'бакар'),
(81, 'бакља'),
(82, 'бакље'),
(83, 'балав'),
(84, 'балет'),
(85, 'балон'),
(86, 'бамби'),
(87, 'банда'),
(88, 'банде'),
(89, 'банер'),
(90, 'банка'),
(91, 'банке'),
(92, 'бараж'),
(93, 'барел'),
(94, 'барем'),
(95, 'барка'),
(96, 'барке'),
(97, 'барок'),
(98, 'барон'),
(99, 'барут'),
(100, 'басен'),
(101, 'басна'),
(102, 'басне'),
(103, 'батак'),
(104, 'бауци'),
(105, 'бацач'),
(106, 'бацил'),
(107, 'бачва'),
(108, 'бачве'),
(109, 'бачка'),
(110, 'башта'),
(111, 'баште'),
(112, 'бајка'),
(113, 'бајке'),
(114, 'бајна'),
(115, 'бајни'),
(116, 'бајно'),
(117, 'бдети'),
(118, 'бдење'),
(119, 'бебац'),
(120, 'бедак'),
(121, 'бедем'),
(122, 'бедни'),
(123, 'бедно'),
(124, 'бедра'),
(125, 'бедро'),
(126, 'белац'),
(127, 'белај'),
(128, 'белег'),
(129, 'бенка'),
(130, 'берач'),
(131, 'берба'),
(132, 'берза'),
(133, 'бесан'),
(134, 'бесна'),
(135, 'бесни'),
(136, 'бесно'),
(137, 'бетон'),
(138, 'бехар'),
(139, 'бећар'),
(140, 'бибер'),
(141, 'бивол'),
(142, 'бивша'),
(143, 'бизон'),
(144, 'билет'),
(145, 'бинго'),
(146, 'бином'),
(147, 'бирач'),
(148, 'бисер'),
(149, 'биста'),
(150, 'бисте'),
(151, 'битан'),
(152, 'битка'),
(153, 'бичар'),
(154, 'биљка'),
(155, 'биљна'),
(156, 'благо'),
(157, 'блажи'),
(158, 'бланш'),
(159, 'блато'),
(160, 'бледи'),
(161, 'блеса'),
(162, 'блеја'),
(163, 'ближе'),
(164, 'блуза'),
(165, 'богат'),
(166, 'богаљ'),
(167, 'бодеж'),
(168, 'бодор'),
(169, 'бодља'),
(170, 'боеми'),
(171, 'божур'),
(172, 'бозон'),
(173, 'бокал'),
(174, 'бокор'),
(175, 'болид'),
(176, 'болни'),
(177, 'бомба'),
(178, 'бонус'),
(179, 'борац'),
(180, 'борба'),
(181, 'борбе'),
(182, 'борда'),
(183, 'бордо'),
(184, 'борер'),
(185, 'борик'),
(186, 'борић'),
(187, 'борци'),
(188, 'бочно'),
(189, 'бојни'),
(190, 'бољка'),
(191, 'брава'),
(192, 'браве'),
(193, 'браво'),
(194, 'брада'),
(195, 'браде'),
(196, 'брале'),
(197, 'брана'),
(198, 'бране'),
(199, 'браон'),
(200, 'брата'),
(201, 'брати'),
(202, 'браца'),
(203, 'брање'),
(204, 'брвно'),
(205, 'брдар'),
(206, 'бреза'),
(207, 'бреме'),
(208, 'бренд'),
(209, 'брест'),
(210, 'брзак'),
(211, 'брзац'),
(212, 'брига'),
(213, 'брица'),
(214, 'брице'),
(215, 'бркаш'),
(216, 'брлог'),
(217, 'брука'),
(218, 'бруке'),
(219, 'бруто'),
(220, 'бруца'),
(221, 'брчић'),
(222, 'брђан'),
(223, 'бубац'),
(224, 'бубањ'),
(225, 'бувач'),
(226, 'бугар'),
(227, 'будак'),
(228, 'будан'),
(229, 'будна'),
(230, 'будне'),
(231, 'будни'),
(232, 'бужир'),
(233, 'букач'),
(234, 'буква'),
(235, 'букве'),
(236, 'букет'),
(237, 'булка'),
(238, 'бунар'),
(239, 'бунда'),
(240, 'бунде'),
(241, 'бураг'),
(242, 'бурад'),
(243, 'бурда'),
(244, 'бурек'),
(245, 'бурић'),
(246, 'бурка'),
(247, 'бурма'),
(248, 'бурме'),
(249, 'бурни'),
(250, 'бусен'),
(251, 'бутан'),
(252, 'бутер'),
(253, 'бутик'),
(254, 'бутић'),
(255, 'бутка'),
(256, 'буцка'),
(257, 'буцко'),
(258, 'буцов'),
(259, 'бучан'),
(260, 'бучна'),
(261, 'бучни'),
(262, 'бучно'),
(263, 'бушач'),
(264, 'бујна'),
(265, 'бујне'),
(266, 'бујни'),
(267, 'бујно'),
(268, 'бујон'),
(269, 'буљав'),
(270, 'буљаш'),
(271, 'буљук'),
(272, 'бућак'),
(273, 'бућка'),
(274, 'буџак'),
(275, 'буџет'),
(276, 'ваган'),
(277, 'вагон'),
(278, 'важан'),
(279, 'важне'),
(280, 'важни'),
(281, 'важно'),
(282, 'вазал'),
(283, 'вазна'),
(284, 'валов'),
(285, 'валог'),
(286, 'вапај'),
(287, 'варан'),
(288, 'варка'),
(289, 'варке'),
(290, 'варош'),
(291, 'ватра'),
(292, 'ватре'),
(293, 'вашар'),
(294, 'вашка'),
(295, 'вашке'),
(296, 'вајар'),
(297, 'вајат'),
(298, 'вајда'),
(299, 'ваљак'),
(300, 'веган'),
(301, 'ведар'),
(302, 'ведра'),
(303, 'ведри'),
(304, 'ведро'),
(305, 'вежба'),
(306, 'вежбе'),
(307, 'везан'),
(308, 'везир'),
(309, 'векна'),
(310, 'векне'),
(311, 'велик'),
(312, 'венац'),
(313, 'венци'),
(314, 'вепар'),
(315, 'веран'),
(316, 'вергл'),
(317, 'верна'),
(318, 'верно'),
(319, 'весло'),
(320, 'веспа'),
(321, 'веста'),
(322, 'вести'),
(323, 'ветар'),
(324, 'вечит'),
(325, 'вечне'),
(326, 'вечни'),
(327, 'вечно'),
(328, 'вибер'),
(329, 'видар'),
(330, 'видео'),
(331, 'видик'),
(332, 'видра'),
(333, 'визир'),
(334, 'визон'),
(335, 'викар'),
(336, 'викач'),
(337, 'винар'),
(338, 'винил'),
(339, 'винкл'),
(340, 'винце'),
(341, 'виола'),
(342, 'вирак'),
(343, 'вирус'),
(344, 'висак'),
(345, 'виски'),
(346, 'витак'),
(347, 'витез'),
(348, 'витки'),
(349, 'витко'),
(350, 'вихор'),
(351, 'вишак'),
(352, 'вишња'),
(353, 'вијак'),
(354, 'вијук'),
(355, 'вињак'),
(356, 'виџет'),
(357, 'влага'),
(358, 'влада'),
(359, 'власи'),
(360, 'власт'),
(361, 'водак'),
(362, 'водан'),
(363, 'водар'),
(364, 'воден'),
(365, 'водич'),
(366, 'водић'),
(367, 'водка'),
(368, 'вожња'),
(369, 'вожње'),
(370, 'возар'),
(371, 'возач'),
(372, 'возић'),
(373, 'вокал'),
(374, 'волан'),
(375, 'волар'),
(376, 'волић'),
(377, 'восак'),
(378, 'вотка'),
(379, 'војна'),
(380, 'војни'),
(381, 'војно'),
(382, 'вољак'),
(383, 'вољан'),
(384, 'вољен'),
(385, 'воћар'),
(386, 'воћка'),
(387, 'воћна'),
(388, 'воћни'),
(389, 'врана'),
(390, 'вране'),
(391, 'врата'),
(392, 'врбак'),
(393, 'вргањ'),
(394, 'врева'),
(395, 'врежа'),
(396, 'врела'),
(397, 'врели'),
(398, 'врело'),
(399, 'време'),
(400, 'врење'),
(401, 'врећа'),
(402, 'вреће'),
(403, 'врлет'),
(404, 'врпца'),
(405, 'врста'),
(406, 'врсте'),
(407, 'вртар'),
(408, 'вртић'),
(409, 'вртло'),
(410, 'врућа'),
(411, 'вруће'),
(412, 'врући'),
(413, 'врхње'),
(414, 'врцав'),
(415, 'врчак'),
(416, 'вршац'),
(417, 'вршач'),
(418, 'вршка'),
(419, 'вукан'),
(420, 'вулва'),
(421, 'вунар'),
(422, 'вунен'),
(423, 'вурда'),
(424, 'вутра'),
(425, 'вуфер'),
(426, 'вучић'),
(427, 'вучко'),
(428, 'вучна'),
(429, 'габор'),
(430, 'гадан'),
(431, 'гадна'),
(432, 'гадни'),
(433, 'газда'),
(434, 'газде'),
(435, 'галеб'),
(436, 'галон'),
(437, 'галоп'),
(438, 'гамад'),
(439, 'гарав'),
(440, 'гарда'),
(441, 'гарде'),
(442, 'гареж'),
(443, 'гасер'),
(444, 'гачић'),
(445, 'гајба'),
(446, 'гајбе'),
(447, 'гајде'),
(448, 'гајка'),
(449, 'гекон'),
(450, 'гелер'),
(451, 'гениј'),
(452, 'геном'),
(453, 'гепек'),
(454, 'гесло'),
(455, 'гејша'),
(456, 'гејше'),
(457, 'гибак'),
(458, 'гирос'),
(459, 'глава'),
(460, 'главе'),
(461, 'глади'),
(462, 'глина'),
(463, 'глоба'),
(464, 'глува'),
(465, 'глуви'),
(466, 'глума'),
(467, 'глупа'),
(468, 'глупе'),
(469, 'глупи'),
(470, 'глупо'),
(471, 'говна'),
(472, 'говно'),
(473, 'говор'),
(474, 'гогољ'),
(475, 'гозба'),
(476, 'голаћ'),
(477, 'голем'),
(478, 'голет'),
(479, 'голић'),
(480, 'голуб'),
(481, 'гонич'),
(482, 'гонић'),
(483, 'горак'),
(484, 'горан'),
(485, 'горди'),
(486, 'горки'),
(487, 'горко'),
(488, 'горња'),
(489, 'горњи'),
(490, 'госпа'),
(491, 'гости'),
(492, 'готов'),
(493, 'гошћа'),
(494, 'гошће'),
(495, 'града'),
(496, 'грами'),
(497, 'грана'),
(498, 'гране'),
(499, 'грант'),
(500, 'грађа'),
(501, 'граја'),
(502, 'грање'),
(503, 'грбав'),
(504, 'гргеч'),
(505, 'грдња'),
(506, 'греда'),
(507, 'грива'),
(508, 'грижа'),
(509, 'грипа'),
(510, 'гриња'),
(511, 'гриње'),
(512, 'грлић'),
(513, 'грмаљ'),
(514, 'грмље'),
(515, 'гроза'),
(516, 'грозд'),
(517, 'гртач'),
(518, 'груба'),
(519, 'грубо'),
(520, 'груда'),
(521, 'груди'),
(522, 'гружа'),
(523, 'грунт'),
(524, 'група'),
(525, 'гуава'),
(526, 'губав'),
(527, 'губар'),
(528, 'гувно'),
(529, 'гугла'),
(530, 'гудач'),
(531, 'гудра'),
(532, 'гужва'),
(533, 'гужве'),
(534, 'гузат'),
(535, 'гузић'),
(536, 'гулаг'),
(537, 'гулаш'),
(538, 'гумар'),
(539, 'гумен'),
(540, 'гумно'),
(541, 'гурач'),
(542, 'гурка'),
(543, 'гусан'),
(544, 'гусар'),
(545, 'гуска'),
(546, 'гусле'),
(547, 'густа'),
(548, 'густи'),
(549, 'гутач'),
(550, 'гушач'),
(551, 'гљива'),
(552, 'гљиве'),
(553, 'гњида'),
(554, 'дабар'),
(555, 'давеж'),
(556, 'давно'),
(557, 'дагња'),
(558, 'дагње'),
(559, 'даире'),
(560, 'дакле'),
(561, 'данак'),
(562, 'данас'),
(563, 'данац'),
(564, 'данга'),
(565, 'даска'),
(566, 'даске'),
(567, 'датив'),
(568, 'датум'),
(569, 'дашак'),
(570, 'двери'),
(571, 'двоје'),
(572, 'дебео'),
(573, 'дебил'),
(574, 'дебло'),
(575, 'дебља'),
(576, 'девер'),
(577, 'девет'),
(578, 'деген'),
(579, 'дезен'),
(580, 'декан'),
(581, 'декор'),
(582, 'делић'),
(583, 'делта'),
(584, 'демон'),
(585, 'деоба'),
(586, 'деобе'),
(587, 'депра'),
(588, 'деран'),
(589, 'дерач'),
(590, 'дерби'),
(591, 'дерле'),
(592, 'десет'),
(593, 'десна'),
(594, 'десне'),
(595, 'десни'),
(596, 'десно'),
(597, 'детаљ'),
(598, 'дечак'),
(599, 'дечко'),
(600, 'дечја'),
(601, 'дечји'),
(602, 'диван'),
(603, 'дивна'),
(604, 'дивни'),
(605, 'дивно'),
(606, 'дивљи'),
(607, 'дизач'),
(608, 'дизел'),
(609, 'дизна'),
(610, 'дикан'),
(611, 'дилдо'),
(612, 'дилер'),
(613, 'димер'),
(614, 'димна'),
(615, 'динар'),
(616, 'динго'),
(617, 'диода'),
(618, 'диоде'),
(619, 'дипла'),
(620, 'дипол'),
(621, 'дирек'),
(622, 'дирка'),
(623, 'дирке'),
(624, 'диско'),
(625, 'длака'),
(626, 'длаке'),
(627, 'длето'),
(628, 'добар'),
(629, 'добит'),
(630, 'добош'),
(631, 'добра'),
(632, 'добро'),
(633, 'догма'),
(634, 'додир'),
(635, 'дозер'),
(636, 'доказ'),
(637, 'докон'),
(638, 'долап'),
(639, 'долар'),
(640, 'домар'),
(641, 'домац'),
(642, 'домен'),
(643, 'домет'),
(644, 'донор'),
(645, 'допис'),
(646, 'дорат'),
(647, 'досад'),
(648, 'досег'),
(649, 'доста'),
(650, 'доток'),
(651, 'дочек'),
(652, 'дођош'),
(653, 'дојам'),
(654, 'дојка'),
(655, 'драга'),
(656, 'драги'),
(657, 'драго'),
(658, 'драже'),
(659, 'дражи'),
(660, 'драма'),
(661, 'драме'),
(662, 'драфт'),
(663, 'драње'),
(664, 'дрвар'),
(665, 'дрвце'),
(666, 'дрека'),
(667, 'држак'),
(668, 'држач'),
(669, 'дрзак'),
(670, 'дрифт'),
(671, 'дркош'),
(672, 'дрнда'),
(673, 'дрога'),
(674, 'дрожд'),
(675, 'дрозд'),
(676, 'дроња'),
(677, 'друга'),
(678, 'други'),
(679, 'друго'),
(680, 'друид'),
(681, 'дршка'),
(682, 'дубак'),
(683, 'дубок'),
(684, 'дубљи'),
(685, 'дуван'),
(686, 'дувар'),
(687, 'дувач'),
(688, 'дугме'),
(689, 'дудук'),
(690, 'дужна'),
(691, 'дужни'),
(692, 'дукат'),
(693, 'дулек'),
(694, 'дулум'),
(695, 'дупин'),
(696, 'дупло'),
(697, 'дупља'),
(698, 'дупље'),
(699, 'душек'),
(700, 'душик'),
(701, 'дућан'),
(702, 'ебола'),
(703, 'евнух'),
(704, 'егеда'),
(705, 'едикт'),
(706, 'екипа'),
(707, 'еклер'),
(708, 'екран'),
(709, 'ексер'),
(710, 'елиса'),
(711, 'елита'),
(712, 'емајл'),
(713, 'ендем'),
(714, 'ензим'),
(715, 'епика'),
(716, 'епоха'),
(717, 'епохе'),
(718, 'епски'),
(719, 'еским'),
(720, 'еснаф'),
(721, 'етажа'),
(722, 'етапа'),
(723, 'етида'),
(724, 'етика'),
(725, 'ефект'),
(726, 'жабар'),
(727, 'жабац'),
(728, 'жагор'),
(729, 'жакет'),
(730, 'жалац'),
(731, 'жалба'),
(732, 'жалбе'),
(733, 'жамор'),
(734, 'жаока'),
(735, 'жаоке'),
(736, 'жарач'),
(737, 'жарка'),
(738, 'жбуње'),
(739, 'жвака'),
(740, 'жвала'),
(741, 'ждера'),
(742, 'ждрал'),
(743, 'жедан'),
(744, 'жедна'),
(745, 'жедне'),
(746, 'жезло'),
(747, 'женик'),
(748, 'женка'),
(749, 'жерав'),
(750, 'жетва'),
(751, 'жетон'),
(752, 'жељан'),
(753, 'жељна'),
(754, 'жељне'),
(755, 'жељни'),
(756, 'живац'),
(757, 'живаљ'),
(758, 'живањ'),
(759, 'живот'),
(760, 'жидов'),
(761, 'жижак'),
(762, 'жилав'),
(763, 'жилет'),
(764, 'житак'),
(765, 'житар'),
(766, 'житељ'),
(767, 'жицар'),
(768, 'жичар'),
(769, 'жишка'),
(770, 'жлица'),
(771, 'жртва'),
(772, 'жртве'),
(773, 'жубор'),
(774, 'жудња'),
(775, 'жумор'),
(776, 'жупан'),
(777, 'журба'),
(778, 'журка'),
(779, 'журке'),
(780, 'жучна'),
(781, 'жујка'),
(782, 'жуљић'),
(783, 'жућка'),
(784, 'забит'),
(785, 'завет'),
(786, 'завод'),
(787, 'завој'),
(788, 'задак'),
(789, 'задах'),
(790, 'зазор'),
(791, 'закон'),
(792, 'закуп'),
(793, 'залет'),
(794, 'залив'),
(795, 'залог'),
(796, 'замак'),
(797, 'замах'),
(798, 'замет'),
(799, 'замка'),
(800, 'замор'),
(801, 'занат'),
(802, 'занос'),
(803, 'заова'),
(804, 'запад'),
(805, 'запис'),
(806, 'зарез'),
(807, 'зарон'),
(808, 'засад'),
(809, 'засек'),
(810, 'затим'),
(811, 'затон'),
(812, 'заход'),
(813, 'зачин'),
(814, 'зашто'),
(815, 'зајам'),
(816, 'зајеб'),
(817, 'збрка'),
(818, 'звати'),
(819, 'звање'),
(820, 'звека'),
(821, 'звери'),
(822, 'звона'),
(823, 'звоно'),
(824, 'зврка'),
(825, 'звуци'),
(826, 'зглоб'),
(827, 'згода'),
(828, 'здање'),
(829, 'здела'),
(830, 'здрав'),
(831, 'зебра'),
(832, 'зебре'),
(833, 'зебња'),
(834, 'зезач'),
(835, 'зекан'),
(836, 'зелен'),
(837, 'зелот'),
(838, 'земан'),
(839, 'земља'),
(840, 'зенит'),
(841, 'зетић'),
(842, 'зечић'),
(843, 'зигот'),
(844, 'зидар'),
(845, 'зидић'),
(846, 'зидна'),
(847, 'зидни'),
(848, 'зихер'),
(849, 'зицер'),
(850, 'злата'),
(851, 'злато'),
(852, 'злица'),
(853, 'злоба'),
(854, 'злоћа'),
(855, 'змија'),
(856, 'знања'),
(857, 'знање'),
(858, 'зомби'),
(859, 'зонац'),
(860, 'зраци'),
(861, 'зрела'),
(862, 'зрели'),
(863, 'зрење'),
(864, 'зрнце'),
(865, 'зубар'),
(866, 'зубац'),
(867, 'зубић'),
(868, 'зубно'),
(869, 'зубун'),
(870, 'зулум'),
(871, 'зулуф'),
(872, 'зумба'),
(873, 'зурка'),
(874, 'зурла'),
(875, 'зјала'),
(876, 'ибрик'),
(877, 'ивица'),
(878, 'играч'),
(879, 'идеал'),
(880, 'идеја'),
(881, 'идење'),
(882, 'идила'),
(883, 'идиом'),
(884, 'идиот'),
(885, 'избор'),
(886, 'изван'),
(887, 'извод'),
(888, 'извоз'),
(889, 'извор'),
(890, 'издув'),
(891, 'излаз'),
(892, 'излет'),
(893, 'излив'),
(894, 'излог'),
(895, 'измет'),
(896, 'износ'),
(897, 'израз'),
(898, 'изрез'),
(899, 'изрод'),
(900, 'изуми'),
(901, 'икона'),
(902, 'иконе'),
(903, 'иксић'),
(904, 'имати'),
(905, 'имања'),
(906, 'имање'),
(907, 'имела'),
(908, 'инати'),
(909, 'инбус'),
(910, 'ирвас'),
(911, 'исказ'),
(912, 'искон'),
(913, 'ископ'),
(914, 'искра'),
(915, 'искре'),
(916, 'ислам'),
(917, 'испад'),
(918, 'испис'),
(919, 'испит'),
(920, 'испод'),
(921, 'исток'),
(922, 'исход'),
(923, 'кабал'),
(924, 'кабла'),
(925, 'кавга'),
(926, 'кавез'),
(927, 'кавка'),
(928, 'кадар'),
(929, 'кадет'),
(930, 'казан'),
(931, 'казна'),
(932, 'казне'),
(933, 'какао'),
(934, 'калај'),
(935, 'калем'),
(936, 'калиф'),
(937, 'калуп'),
(938, 'камен'),
(939, 'камин'),
(940, 'канал'),
(941, 'канап'),
(942, 'канон'),
(943, 'канта'),
(944, 'канте'),
(945, 'канџа'),
(946, 'капак'),
(947, 'капут'),
(948, 'капци'),
(949, 'капља'),
(950, 'карат'),
(951, 'карма'),
(952, 'карта'),
(953, 'карте'),
(954, 'касап'),
(955, 'касир'),
(956, 'каско'),
(957, 'касне'),
(958, 'касно'),
(959, 'каста'),
(960, 'катар'),
(961, 'катун'),
(962, 'кафић'),
(963, 'качар'),
(964, 'качка'),
(965, 'кашаљ'),
(966, 'кајак'),
(967, 'кајла'),
(968, 'кањон'),
(969, 'каћун'),
(970, 'квака'),
(971, 'квант'),
(972, 'кварц'),
(973, 'квота'),
(974, 'квоте'),
(975, 'кврга'),
(976, 'кебаб'),
(977, 'кегла'),
(978, 'кегле'),
(979, 'кедар'),
(980, 'кедер'),
(981, 'кента'),
(982, 'кепер'),
(983, 'кепец'),
(984, 'керић'),
(985, 'кесер'),
(986, 'кесон'),
(987, 'кефир'),
(988, 'кечап'),
(989, 'кечер'),
(990, 'кибла'),
(991, 'кибуц'),
(992, 'киван'),
(993, 'кивот'),
(994, 'кидач'),
(995, 'кикот'),
(996, 'килав'),
(997, 'килер'),
(998, 'кинез'),
(999, 'кинин'),
(1000, 'киноа'),
(1001, 'кинта'),
(1002, 'киоск'),
(1003, 'кипар'),
(1004, 'кипер'),
(1005, 'кисео'),
(1006, 'кисик'),
(1007, 'кисла'),
(1008, 'кифла'),
(1009, 'кифле'),
(1010, 'кицош'),
(1011, 'кичма'),
(1012, 'кишна'),
(1013, 'кишни'),
(1014, 'кишно'),
(1015, 'кијак'),
(1016, 'клада'),
(1017, 'кладе'),
(1018, 'клапа'),
(1019, 'класа'),
(1020, 'класе'),
(1021, 'клање'),
(1022, 'клека'),
(1023, 'клема'),
(1024, 'клиза'),
(1025, 'клика'),
(1026, 'клима'),
(1027, 'климе'),
(1028, 'клинч'),
(1029, 'клица'),
(1030, 'клише'),
(1031, 'клиња'),
(1032, 'кловн'),
(1033, 'клопа'),
(1034, 'клоња'),
(1035, 'клупа'),
(1036, 'коала'),
(1037, 'коале'),
(1038, 'кобан'),
(1039, 'кобац'),
(1040, 'кобни'),
(1041, 'кобра'),
(1042, 'кобре'),
(1043, 'ковач'),
(1044, 'ковид'),
(1045, 'ковит'),
(1046, 'кодер'),
(1047, 'кожар'),
(1048, 'кожни'),
(1049, 'кожно'),
(1050, 'кожух'),
(1051, 'козак'),
(1052, 'козар'),
(1053, 'козје'),
(1054, 'кокач'),
(1055, 'кокер'),
(1056, 'кокос'),
(1057, 'кокот'),
(1058, 'кокош'),
(1059, 'кокта'),
(1060, 'колаж'),
(1061, 'колан'),
(1062, 'колар'),
(1063, 'колац'),
(1064, 'колач'),
(1065, 'колеџ'),
(1066, 'колор'),
(1067, 'колос'),
(1068, 'колут'),
(1069, 'колце'),
(1070, 'комад'),
(1071, 'комби'),
(1072, 'комин'),
(1073, 'комот'),
(1074, 'компа'),
(1075, 'комша'),
(1076, 'конак'),
(1077, 'конац'),
(1078, 'конто'),
(1079, 'конус'),
(1080, 'конци'),
(1081, 'копач'),
(1082, 'копер'),
(1083, 'копна'),
(1084, 'копно'),
(1085, 'копча'),
(1086, 'копље'),
(1087, 'кораб'),
(1088, 'корак'),
(1089, 'корал'),
(1090, 'корда'),
(1091, 'корен'),
(1092, 'корзо'),
(1093, 'коров'),
(1094, 'корош'),
(1095, 'корпа'),
(1096, 'корса'),
(1097, 'косак'),
(1098, 'косат'),
(1099, 'косац'),
(1100, 'косач'),
(1101, 'косир'),
(1102, 'коска'),
(1103, 'коске'),
(1104, 'кости'),
(1105, 'котао'),
(1106, 'котар'),
(1107, 'котач'),
(1108, 'котва'),
(1109, 'котон'),
(1110, 'котур'),
(1111, 'кофер'),
(1112, 'коцка'),
(1113, 'кочак'),
(1114, 'кочић'),
(1115, 'кошар'),
(1116, 'којот'),
(1117, 'кољач'),
(1118, 'коњак'),
(1119, 'коњар'),
(1120, 'коњиц'),
(1121, 'коњић'),
(1122, 'краба'),
(1123, 'крабе'),
(1124, 'крава'),
(1125, 'краве'),
(1126, 'крамп'),
(1127, 'краул'),
(1128, 'крафт'),
(1129, 'краци'),
(1130, 'крађа'),
(1131, 'крађе'),
(1132, 'краћа'),
(1133, 'краће'),
(1134, 'краћи'),
(1135, 'крвав'),
(1136, 'крвни'),
(1137, 'креда'),
(1138, 'креде'),
(1139, 'кредо'),
(1140, 'крема'),
(1141, 'креол'),
(1142, 'креон'),
(1143, 'крзна'),
(1144, 'крзно'),
(1145, 'крива'),
(1146, 'криве'),
(1147, 'криво'),
(1148, 'криза'),
(1149, 'крика'),
(1150, 'крила'),
(1151, 'крило'),
(1152, 'кринџ'),
(1153, 'кркан'),
(1154, 'крмак'),
(1155, 'крмар'),
(1156, 'крмељ'),
(1157, 'кроше'),
(1158, 'крпар'),
(1159, 'крпач'),
(1160, 'крпеж'),
(1161, 'крпељ'),
(1162, 'крпља'),
(1163, 'крста'),
(1164, 'круна'),
(1165, 'круне'),
(1166, 'крупа'),
(1167, 'крцат'),
(1168, 'крчаг'),
(1169, 'крчко'),
(1170, 'крчма'),
(1171, 'кубик'),
(1172, 'кувар'),
(1173, 'кугла'),
(1174, 'кугле'),
(1175, 'кудра'),
(1176, 'кукац'),
(1177, 'кукољ'),
(1178, 'кулак'),
(1179, 'кулен'),
(1180, 'кулер'),
(1181, 'кулов'),
(1182, 'кулон'),
(1183, 'кулук'),
(1184, 'кумир'),
(1185, 'кумић'),
(1186, 'кунић'),
(1187, 'купац'),
(1188, 'купач'),
(1189, 'купка'),
(1190, 'купон'),
(1191, 'купус'),
(1192, 'кураж'),
(1193, 'курир'),
(1194, 'кусур'),
(1195, 'кутак'),
(1196, 'кутић'),
(1197, 'куфер'),
(1198, 'кучић'),
(1199, 'кушња'),
(1200, 'кујна'),
(1201, 'кућар'),
(1202, 'кућни'),
(1203, 'кљова'),
(1204, 'кљове'),
(1205, 'кљусе'),
(1206, 'књига'),
(1207, 'књиге'),
(1208, 'лабав'),
(1209, 'лабуд'),
(1210, 'лавеж'),
(1211, 'лавић'),
(1212, 'лавор'),
(1213, 'лаган'),
(1214, 'лагер'),
(1215, 'лагум'),
(1216, 'лажна'),
(1217, 'лажне'),
(1218, 'лажни'),
(1219, 'лажов'),
(1220, 'лаици'),
(1221, 'лакат'),
(1222, 'лакеј'),
(1223, 'лакше'),
(1224, 'лакши'),
(1225, 'лампа'),
(1226, 'лампе'),
(1227, 'ланац'),
(1228, 'ланче'),
(1229, 'ларва'),
(1230, 'ларма'),
(1231, 'ласер'),
(1232, 'ласта'),
(1233, 'ласте'),
(1234, 'лафић'),
(1235, 'лахор'),
(1236, 'лађар'),
(1237, 'лајна'),
(1238, 'лајне'),
(1239, 'лебац'),
(1240, 'левак'),
(1241, 'леват'),
(1242, 'левел'),
(1243, 'легат'),
(1244, 'легло'),
(1245, 'лежач'),
(1246, 'лежај'),
(1247, 'лекар'),
(1248, 'лекић'),
(1249, 'лемур'),
(1250, 'лента'),
(1251, 'лепак'),
(1252, 'лепра'),
(1253, 'леска'),
(1254, 'летак'),
(1255, 'летач'),
(1256, 'летва'),
(1257, 'летка'),
(1258, 'летња'),
(1259, 'летњи'),
(1260, 'лењир'),
(1261, 'либра'),
(1262, 'ливац'),
(1263, 'лигња'),
(1264, 'лигње'),
(1265, 'лидер'),
(1266, 'ликер'),
(1267, 'лиман'),
(1268, 'лимар'),
(1269, 'лимес'),
(1270, 'лимит'),
(1271, 'лимун'),
(1272, 'лимфа'),
(1273, 'линар'),
(1274, 'линер'),
(1275, 'липањ'),
(1276, 'липик'),
(1277, 'лирик'),
(1278, 'лисак'),
(1279, 'лисац'),
(1280, 'лиска'),
(1281, 'листа'),
(1282, 'листе'),
(1283, 'литар'),
(1284, 'литра'),
(1285, 'лична'),
(1286, 'личне'),
(1287, 'лично'),
(1288, 'лишај'),
(1289, 'лишће'),
(1290, 'лиљак'),
(1291, 'лињак'),
(1292, 'ловац'),
(1293, 'ловор'),
(1294, 'ловци'),
(1295, 'логор'),
(1296, 'логос'),
(1297, 'ложач'),
(1298, 'локал'),
(1299, 'локва'),
(1300, 'локве'),
(1301, 'локна'),
(1302, 'локне'),
(1303, 'локот'),
(1304, 'локум'),
(1305, 'лонац'),
(1306, 'лонче'),
(1307, 'лопар'),
(1308, 'лопов'),
(1309, 'лопта'),
(1310, 'лопте'),
(1311, 'лосос'),
(1312, 'лотос'),
(1313, 'лотре'),
(1314, 'лотус'),
(1315, 'лугар'),
(1316, 'лугер'),
(1317, 'лудак'),
(1318, 'лузер'),
(1319, 'лукав'),
(1320, 'лумен'),
(1321, 'лунар'),
(1322, 'лупеж'),
(1323, 'лупус'),
(1324, 'лутак'),
(1325, 'лутка'),
(1326, 'лучак'),
(1327, 'лучни'),
(1328, 'лујка'),
(1329, 'магла'),
(1330, 'магма'),
(1331, 'мадам'),
(1332, 'мазга'),
(1333, 'мазут'),
(1334, 'макац'),
(1335, 'макро'),
(1336, 'малац'),
(1337, 'малер'),
(1338, 'мамац'),
(1339, 'мамба'),
(1340, 'мамут'),
(1341, 'мамци'),
(1342, 'манга'),
(1343, 'манго'),
(1344, 'манир'),
(1345, 'марва'),
(1346, 'маржа'),
(1347, 'марка'),
(1348, 'марке'),
(1349, 'масат'),
(1350, 'масер'),
(1351, 'масив'),
(1352, 'маска'),
(1353, 'маске'),
(1354, 'масло'),
(1355, 'масна'),
(1356, 'масне'),
(1357, 'масни'),
(1358, 'масно'),
(1359, 'масон'),
(1360, 'масти'),
(1361, 'матер'),
(1362, 'матор'),
(1363, 'мафин'),
(1364, 'махач'),
(1365, 'махер'),
(1366, 'мацан'),
(1367, 'мацка'),
(1368, 'мачак'),
(1369, 'мачка'),
(1370, 'мачке'),
(1371, 'мачор'),
(1372, 'машна'),
(1373, 'машне'),
(1374, 'машта'),
(1375, 'мађар'),
(1376, 'мајка'),
(1377, 'мајке'),
(1378, 'мајор'),
(1379, 'мајур'),
(1380, 'маљав'),
(1381, 'мањак'),
(1382, 'меден'),
(1383, 'мекан'),
(1384, 'мекет'),
(1385, 'мекши'),
(1386, 'мелез'),
(1387, 'мелем'),
(1388, 'мемла'),
(1389, 'менза'),
(1390, 'мензе'),
(1391, 'мента'),
(1392, 'менте'),
(1393, 'мерак'),
(1394, 'мерач'),
(1395, 'мерка'),
(1396, 'месар'),
(1397, 'месец'),
(1398, 'месна'),
(1399, 'месно'),
(1400, 'места'),
(1401, 'место'),
(1402, 'метак'),
(1403, 'метал'),
(1404, 'метан'),
(1405, 'метар'),
(1406, 'метеж'),
(1407, 'метил'),
(1408, 'метиљ'),
(1409, 'метла'),
(1410, 'метод'),
(1411, 'метро'),
(1412, 'мехур'),
(1413, 'мечка'),
(1414, 'мечке'),
(1415, 'мешач'),
(1416, 'међаш'),
(1417, 'мељач'),
(1418, 'мењач'),
(1419, 'мидер'),
(1420, 'милан'),
(1421, 'милер'),
(1422, 'минер'),
(1423, 'минић'),
(1424, 'минус'),
(1425, 'минут'),
(1426, 'мираз'),
(1427, 'миран'),
(1428, 'мирис'),
(1429, 'мирко'),
(1430, 'мирна'),
(1431, 'мирни'),
(1432, 'мирно'),
(1433, 'мисао'),
(1434, 'мисир'),
(1435, 'мицва'),
(1436, 'мишар'),
(1437, 'мишић'),
(1438, 'мишка'),
(1439, 'мињон'),
(1440, 'млада'),
(1441, 'младе'),
(1442, 'млади'),
(1443, 'младо'),
(1444, 'млака'),
(1445, 'млако'),
(1446, 'млађа'),
(1447, 'млађе'),
(1448, 'млађи'),
(1449, 'млеко'),
(1450, 'млети'),
(1451, 'многи'),
(1452, 'много'),
(1453, 'могућ'),
(1454, 'модел'),
(1455, 'модем'),
(1456, 'модла'),
(1457, 'модна'),
(1458, 'модне'),
(1459, 'модни'),
(1460, 'модра'),
(1461, 'модри'),
(1462, 'модул'),
(1463, 'можда'),
(1464, 'мозак'),
(1465, 'мокар'),
(1466, 'мокра'),
(1467, 'мокро'),
(1468, 'молба'),
(1469, 'молбе'),
(1470, 'молер'),
(1471, 'момак'),
(1472, 'момци'),
(1473, 'момче'),
(1474, 'монах'),
(1475, 'моном'),
(1476, 'мопед'),
(1477, 'морал'),
(1478, 'морач'),
(1479, 'морка'),
(1480, 'морке'),
(1481, 'морон'),
(1482, 'мотел'),
(1483, 'мотив'),
(1484, 'мотка'),
(1485, 'мотор'),
(1486, 'мохер'),
(1487, 'мошти'),
(1488, 'мољац'),
(1489, 'мољци'),
(1490, 'моћан'),
(1491, 'моћна'),
(1492, 'моћне'),
(1493, 'моћни'),
(1494, 'мрави'),
(1495, 'мргуд'),
(1496, 'мрежа'),
(1497, 'мрена'),
(1498, 'мрест'),
(1499, 'мржња'),
(1500, 'мрква'),
(1501, 'мрков'),
(1502, 'мрмот'),
(1503, 'мрско'),
(1504, 'мрсно'),
(1505, 'мртав'),
(1506, 'мртва'),
(1507, 'мртве'),
(1508, 'мртви'),
(1509, 'мртво'),
(1510, 'мувар'),
(1511, 'мудар'),
(1512, 'мудра'),
(1513, 'мудре'),
(1514, 'мудри'),
(1515, 'мудро'),
(1516, 'мужић'),
(1517, 'мужња'),
(1518, 'музеј'),
(1519, 'мулат'),
(1520, 'мулац'),
(1521, 'мурал'),
(1522, 'мусав'),
(1523, 'мусли'),
(1524, 'мутав'),
(1525, 'мутан'),
(1526, 'мутна'),
(1527, 'мутни'),
(1528, 'мутно'),
(1529, 'мучки'),
(1530, 'мучна'),
(1531, 'мушка'),
(1532, 'мушки'),
(1533, 'мушко'),
(1534, 'мућак'),
(1535, 'мућка'),
(1536, 'мњење'),
(1537, 'набор'),
(1538, 'набој'),
(1539, 'навод'),
(1540, 'навој'),
(1541, 'нагиб'),
(1542, 'нагло'),
(1543, 'нагон'),
(1544, 'надев'),
(1545, 'назад'),
(1546, 'назал'),
(1547, 'назеб'),
(1548, 'назив'),
(1549, 'назор'),
(1550, 'наива'),
(1551, 'накит'),
(1552, 'након'),
(1553, 'накот'),
(1554, 'налаз'),
(1555, 'налет'),
(1556, 'налог'),
(1557, 'намаз'),
(1558, 'намет'),
(1559, 'нанос'),
(1560, 'напад'),
(1561, 'напон'),
(1562, 'напор'),
(1563, 'напој'),
(1564, 'нарав'),
(1565, 'нарез'),
(1566, 'народ'),
(1567, 'насип'),
(1568, 'наука'),
(1569, 'нафта'),
(1570, 'нацрт'),
(1571, 'начин'),
(1572, 'најам'),
(1573, 'наћва'),
(1574, 'наћве'),
(1575, 'невен'),
(1576, 'невин'),
(1577, 'недра'),
(1578, 'нежне'),
(1579, 'нежно'),
(1580, 'некад'),
(1581, 'неман'),
(1582, 'немар'),
(1583, 'немац'),
(1584, 'немир'),
(1585, 'немоћ'),
(1586, 'ненад'),
(1587, 'непар'),
(1588, 'непер'),
(1589, 'непце'),
(1590, 'нерад'),
(1591, 'нерви'),
(1592, 'неред'),
(1593, 'несит'),
(1594, 'неуки'),
(1595, 'нехај'),
(1596, 'нејак'),
(1597, 'нећак'),
(1598, 'низак'),
(1599, 'никад'),
(1600, 'никал'),
(1601, 'никуд'),
(1602, 'нимфа'),
(1603, 'нинџа'),
(1604, 'ниска'),
(1605, 'ниско'),
(1606, 'нитна'),
(1607, 'нишан'),
(1608, 'ништа'),
(1609, 'новак'),
(1610, 'новац'),
(1611, 'ножни'),
(1612, 'нокат'),
(1613, 'нокла'),
(1614, 'номад'),
(1615, 'норма'),
(1616, 'норме'),
(1617, 'носат'),
(1618, 'носач'),
(1619, 'носић'),
(1620, 'нотар'),
(1621, 'нотес'),
(1622, 'ношња'),
(1623, 'ноћна'),
(1624, 'ноћне'),
(1625, 'ноћни'),
(1626, 'нугат'),
(1627, 'нудла'),
(1628, 'нудле'),
(1629, 'нужда'),
(1630, 'нужне'),
(1631, 'обала'),
(1632, 'обест'),
(1633, 'обзир'),
(1634, 'обити'),
(1635, 'облак'),
(1636, 'облик'),
(1637, 'облог'),
(1638, 'образ'),
(1639, 'обрва'),
(1640, 'обред'),
(1641, 'обрис'),
(1642, 'оброк'),
(1643, 'обруч'),
(1644, 'обука'),
(1645, 'обућа'),
(1646, 'овера'),
(1647, 'овчар'),
(1648, 'оглас'),
(1649, 'оглед'),
(1650, 'огрев'),
(1651, 'одати'),
(1652, 'одаја'),
(1653, 'одвод'),
(1654, 'одвоз'),
(1655, 'одело'),
(1656, 'одећа'),
(1657, 'одлив'),
(1658, 'одмор'),
(1659, 'однос'),
(1660, 'одора'),
(1661, 'одоре'),
(1662, 'одраз'),
(1663, 'одред'),
(1664, 'одрон'),
(1665, 'окапи'),
(1666, 'оквир'),
(1667, 'океан'),
(1668, 'оклоп'),
(1669, 'окови'),
(1670, 'около'),
(1671, 'окрет'),
(1672, 'округ'),
(1673, 'оксид'),
(1674, 'октан'),
(1675, 'окука'),
(1676, 'олово'),
(1677, 'олтар'),
(1678, 'олуја'),
(1679, 'омама'),
(1680, 'омега'),
(1681, 'омета'),
(1682, 'омлет'),
(1683, 'омора'),
(1684, 'омоти'),
(1685, 'опако'),
(1686, 'опека'),
(1687, 'опело'),
(1688, 'опера'),
(1689, 'опећи'),
(1690, 'описи'),
(1691, 'опран'),
(1692, 'опрез'),
(1693, 'опсег'),
(1694, 'опуси'),
(1695, 'општа'),
(1696, 'опште'),
(1697, 'општи'),
(1698, 'орада'),
(1699, 'ораси'),
(1700, 'орати'),
(1701, 'орачи'),
(1702, 'орање'),
(1703, 'орбит'),
(1704, 'орган'),
(1705, 'орден'),
(1706, 'ореол'),
(1707, 'оркан'),
(1708, 'орлић'),
(1709, 'орлов'),
(1710, 'орман'),
(1711, 'ормар'),
(1712, 'ортак'),
(1713, 'оруђе'),
(1714, 'осама'),
(1715, 'осаме'),
(1716, 'осврт'),
(1717, 'осека'),
(1718, 'осица'),
(1719, 'оскар'),
(1720, 'ослић'),
(1721, 'ослон'),
(1722, 'осмак'),
(1723, 'осмех'),
(1724, 'основ'),
(1725, 'особа'),
(1726, 'особе'),
(1727, 'остав'),
(1728, 'осуда'),
(1729, 'отвор'),
(1730, 'отела'),
(1731, 'отело'),
(1732, 'отети'),
(1733, 'отићи'),
(1734, 'отказ'),
(1735, 'откоп'),
(1736, 'откос'),
(1737, 'откуп'),
(1738, 'отпад'),
(1739, 'отпор'),
(1740, 'отров'),
(1741, 'охоли'),
(1742, 'оцена'),
(1743, 'оцило'),
(1744, 'очеви'),
(1745, 'очњак'),
(1746, 'оштра'),
(1747, 'оштри'),
(1748, 'оштро'),
(1749, 'оџаци'),
(1750, 'падеж'),
(1751, 'пажња'),
(1752, 'пазар'),
(1753, 'пазух'),
(1754, 'пакао'),
(1755, 'пакер'),
(1756, 'пакет'),
(1757, 'пакла'),
(1758, 'пакле'),
(1759, 'пакло'),
(1760, 'палац'),
(1761, 'палеж'),
(1762, 'палир'),
(1763, 'палма'),
(1764, 'палме'),
(1765, 'памет'),
(1766, 'памук'),
(1767, 'панда'),
(1768, 'панде'),
(1769, 'панел'),
(1770, 'панта'),
(1771, 'паора'),
(1772, 'паори'),
(1773, 'папак'),
(1774, 'папир'),
(1775, 'паран'),
(1776, 'параф'),
(1777, 'париз'),
(1778, 'парип'),
(1779, 'парка'),
(1780, 'парне'),
(1781, 'парно'),
(1782, 'парох'),
(1783, 'парче'),
(1784, 'пасаж'),
(1785, 'пасат'),
(1786, 'пасер'),
(1787, 'пасив'),
(1788, 'пасош'),
(1789, 'паста'),
(1790, 'пасте'),
(1791, 'пасти'),
(1792, 'пасус'),
(1793, 'пасуљ'),
(1794, 'патак'),
(1795, 'патка'),
(1796, 'патке'),
(1797, 'патки'),
(1798, 'патос'),
(1799, 'патња'),
(1800, 'пауза'),
(1801, 'пауци'),
(1802, 'пацер'),
(1803, 'пацка'),
(1804, 'пацов'),
(1805, 'пајац'),
(1806, 'пајдо'),
(1807, 'паљба'),
(1808, 'певац'),
(1809, 'певач'),
(1810, 'певка'),
(1811, 'пегла'),
(1812, 'пегле'),
(1813, 'педаљ'),
(1814, 'педер'),
(1815, 'пекар'),
(1816, 'пекач'),
(1817, 'пелат'),
(1818, 'пелен'),
(1819, 'пелет'),
(1820, 'пенал'),
(1821, 'пенис'),
(1822, 'пента'),
(1823, 'пепео'),
(1824, 'перад'),
(1825, 'перач'),
(1826, 'перга'),
(1827, 'перец'),
(1828, 'перка'),
(1829, 'перла'),
(1830, 'перле'),
(1831, 'перон'),
(1832, 'перут'),
(1833, 'перце'),
(1834, 'перје'),
(1835, 'песак'),
(1836, 'песма'),
(1837, 'песме'),
(1838, 'песто'),
(1839, 'петак'),
(1840, 'петао'),
(1841, 'петка'),
(1842, 'петља'),
(1843, 'петље'),
(1844, 'пехар'),
(1845, 'пецар'),
(1846, 'пецач'),
(1847, 'пецка'),
(1848, 'печат'),
(1849, 'печен'),
(1850, 'пешак'),
(1851, 'пењач'),
(1852, 'пивар'),
(1853, 'пивот'),
(1854, 'пивце'),
(1855, 'пикап'),
(1856, 'пилав'),
(1857, 'пилар'),
(1858, 'пилка'),
(1859, 'пилон'),
(1860, 'пилот'),
(1861, 'пинка'),
(1862, 'пинта'),
(1863, 'пипав'),
(1864, 'пипак'),
(1865, 'пират'),
(1866, 'пирит'),
(1867, 'пирка'),
(1868, 'писак'),
(1869, 'писар'),
(1870, 'писац'),
(1871, 'писач'),
(1872, 'писма'),
(1873, 'писмо'),
(1874, 'писта'),
(1875, 'писте'),
(1876, 'питак'),
(1877, 'питар'),
(1878, 'питач'),
(1879, 'питка'),
(1880, 'питко'),
(1881, 'питон'),
(1882, 'пијан'),
(1883, 'пијац'),
(1884, 'пијук'),
(1885, 'пијун'),
(1886, 'пиљак'),
(1887, 'пиљар'),
(1888, 'плава'),
(1889, 'плаве'),
(1890, 'плави'),
(1891, 'плаво'),
(1892, 'плажа'),
(1893, 'пласт'),
(1894, 'плата'),
(1895, 'плате'),
(1896, 'плати'),
(1897, 'плато'),
(1898, 'плашт'),
(1899, 'плебс'),
(1900, 'плева'),
(1901, 'племе'),
(1902, 'плећа'),
(1903, 'плеће'),
(1904, 'плима'),
(1905, 'плоча'),
(1906, 'плоче'),
(1907, 'плута'),
(1908, 'плуто'),
(1909, 'плућа'),
(1910, 'побра'),
(1911, 'повез'),
(1912, 'повик'),
(1913, 'повод'),
(1914, 'повој'),
(1915, 'поган'),
(1916, 'погон'),
(1917, 'подне'),
(1918, 'поема'),
(1919, 'поеме'),
(1920, 'поеми'),
(1921, 'поени'),
(1922, 'поета'),
(1923, 'пожар'),
(1924, 'позан'),
(1925, 'позер'),
(1926, 'позив'),
(1927, 'позна'),
(1928, 'позор'),
(1929, 'покер'),
(1930, 'покоп'),
(1931, 'покор'),
(1932, 'покој'),
(1933, 'покољ'),
(1934, 'покус'),
(1935, 'полен'),
(1936, 'полет'),
(1937, 'полип'),
(1938, 'полис'),
(1939, 'полка'),
(1940, 'полни'),
(1941, 'полно'),
(1942, 'полог'),
(1943, 'помак'),
(1944, 'помен'),
(1945, 'помор'),
(1946, 'помоћ'),
(1947, 'помпа'),
(1948, 'понор'),
(1949, 'понос'),
(1950, 'поноћ'),
(1951, 'пончо'),
(1952, 'попац'),
(1953, 'попис'),
(1954, 'пораз'),
(1955, 'поред'),
(1956, 'порез'),
(1957, 'порив'),
(1958, 'порка'),
(1959, 'пород'),
(1960, 'порок'),
(1961, 'порта'),
(1962, 'поруб'),
(1963, 'посао'),
(1964, 'посед'),
(1965, 'посек'),
(1966, 'после'),
(1967, 'посна'),
(1968, 'посни'),
(1969, 'посте'),
(1970, 'потаж'),
(1971, 'потез'),
(1972, 'поток'),
(1973, 'потоп'),
(1974, 'поука'),
(1975, 'поход'),
(1976, 'пошта'),
(1977, 'појам'),
(1978, 'појас'),
(1979, 'појац'),
(1980, 'права'),
(1981, 'праве'),
(1982, 'прави'),
(1983, 'право'),
(1984, 'прага'),
(1985, 'прасе'),
(1986, 'прати'),
(1987, 'праља'),
(1988, 'прање'),
(1989, 'првак'),
(1990, 'прдеж'),
(1991, 'прека'),
(1992, 'преко'),
(1993, 'прело'),
(1994, 'према'),
(1995, 'преса'),
(1996, 'пресе'),
(1997, 'преци'),
(1998, 'прећи'),
(1999, 'прика'),
(2000, 'прима'),
(2001, 'принт'),
(2002, 'принц'),
(2003, 'прича'),
(2004, 'приче'),
(2005, 'причи'),
(2006, 'прија'),
(2007, 'пркос'),
(2008, 'проба'),
(2009, 'проза'),
(2010, 'просо'),
(2011, 'прост'),
(2012, 'прота'),
(2013, 'проја'),
(2014, 'проћи'),
(2015, 'прсти'),
(2016, 'пруга'),
(2017, 'пршут'),
(2018, 'прљав'),
(2019, 'псалм'),
(2020, 'псето'),
(2021, 'псећа'),
(2022, 'псина'),
(2023, 'психа'),
(2024, 'психо'),
(2025, 'птица'),
(2026, 'птице'),
(2027, 'пудар'),
(2028, 'пудер'),
(2029, 'пудла'),
(2030, 'пужић'),
(2031, 'пузла'),
(2032, 'пулен'),
(2033, 'пулпа'),
(2034, 'пумпа'),
(2035, 'пунац'),
(2036, 'пункт'),
(2037, 'пунђа'),
(2038, 'пупак'),
(2039, 'пусла'),
(2040, 'пусто'),
(2041, 'путар'),
(2042, 'путер'),
(2043, 'путир'),
(2044, 'путић'),
(2045, 'пуфна'),
(2046, 'пуцач'),
(2047, 'пуцањ'),
(2048, 'пуцка'),
(2049, 'пушач'),
(2050, 'пушка'),
(2051, 'пушке'),
(2052, 'пуњач'),
(2053, 'пчела'),
(2054, 'пчеле'),
(2055, 'пљуга'),
(2056, 'пљуца'),
(2057, 'рабат'),
(2058, 'рабин'),
(2059, 'рабош'),
(2060, 'раван'),
(2061, 'равна'),
(2062, 'равни'),
(2063, 'равно'),
(2064, 'рагби'),
(2065, 'радар'),
(2066, 'радио'),
(2067, 'радна'),
(2068, 'радни'),
(2069, 'радно'),
(2070, 'радон'),
(2071, 'радња'),
(2072, 'ражањ'),
(2073, 'разна'),
(2074, 'разне'),
(2075, 'разни'),
(2076, 'разно'),
(2077, 'разор'),
(2078, 'разум'),
(2079, 'ракун'),
(2080, 'ракља'),
(2081, 'ракље'),
(2082, 'рампа'),
(2083, 'рампе'),
(2084, 'ранар'),
(2085, 'ранац'),
(2086, 'ранка'),
(2087, 'ранко'),
(2088, 'рапид'),
(2089, 'расад'),
(2090, 'расед'),
(2091, 'расек'),
(2092, 'расни'),
(2093, 'расно'),
(2094, 'расол'),
(2095, 'расти'),
(2096, 'ратар'),
(2097, 'ратна'),
(2098, 'ратни'),
(2099, 'ратно'),
(2100, 'рафал'),
(2101, 'рачва'),
(2102, 'рачић'),
(2103, 'рачун'),
(2104, 'рашка'),
(2105, 'рашља'),
(2106, 'рашље'),
(2107, 'рањен'),
(2108, 'рањив'),
(2109, 'рвачи'),
(2110, 'рвање'),
(2111, 'ребра'),
(2112, 'ребро'),
(2113, 'ребус'),
(2114, 'ревер'),
(2115, 'ревир'),
(2116, 'регал'),
(2117, 'редак'),
(2118, 'редар'),
(2119, 'редни'),
(2120, 'редно'),
(2121, 'редов'),
(2122, 'редња'),
(2123, 'режањ'),
(2124, 'режим'),
(2125, 'резач'),
(2126, 'резон'),
(2127, 'рекет'),
(2128, 'рекла'),
(2129, 'рекли'),
(2130, 'релеј'),
(2131, 'ремек'),
(2132, 'ремен'),
(2133, 'ренда'),
(2134, 'ренде'),
(2135, 'рента'),
(2136, 'репак'),
(2137, 'репер'),
(2138, 'репић'),
(2139, 'репка'),
(2140, 'рерна'),
(2141, 'ресет'),
(2142, 'ресло'),
(2143, 'ресор'),
(2144, 'ресто'),
(2145, 'ретка'),
(2146, 'ретко'),
(2147, 'реума'),
(2148, 'рецка'),
(2149, 'речит'),
(2150, 'речко'),
(2151, 'речна'),
(2152, 'речно'),
(2153, 'речца'),
(2154, 'решен'),
(2155, 'рејон'),
(2156, 'рељеф'),
(2157, 'рибар'),
(2158, 'рибља'),
(2159, 'ривал'),
(2160, 'ризик'),
(2161, 'ризла'),
(2162, 'ризле'),
(2163, 'ризом'),
(2164, 'рикша'),
(2165, 'риска'),
(2166, 'ритам'),
(2167, 'ритер'),
(2168, 'риђан'),
(2169, 'робар'),
(2170, 'робна'),
(2171, 'робот'),
(2172, 'робље'),
(2173, 'ровац'),
(2174, 'ровер'),
(2175, 'ровка'),
(2176, 'ровци'),
(2177, 'рогач'),
(2178, 'рогаљ'),
(2179, 'рогић'),
(2180, 'рогоз'),
(2181, 'родац'),
(2182, 'родео'),
(2183, 'родић'),
(2184, 'родне'),
(2185, 'родни'),
(2186, 'розга'),
(2187, 'рокер'),
(2188, 'ролат'),
(2189, 'ролер'),
(2190, 'ролка'),
(2191, 'ролна'),
(2192, 'ролне'),
(2193, 'роман'),
(2194, 'ропац'),
(2195, 'ропот'),
(2196, 'росна'),
(2197, 'росне'),
(2198, 'росно'),
(2199, 'ротор'),
(2200, 'рошав'),
(2201, 'рођак'),
(2202, 'рођен'),
(2203, 'рођош'),
(2204, 'рубац'),
(2205, 'рубин'),
(2206, 'рубља'),
(2207, 'рубље'),
(2208, 'ругло'),
(2209, 'рудар'),
(2210, 'ружан'),
(2211, 'ружне'),
(2212, 'ружни'),
(2213, 'ружно'),
(2214, 'руина'),
(2215, 'рукав'),
(2216, 'рулер'),
(2217, 'рулет'),
(2218, 'румба'),
(2219, 'румен'),
(2220, 'румун'),
(2221, 'рунда'),
(2222, 'рунде'),
(2223, 'рупар'),
(2224, 'русин'),
(2225, 'руска'),
(2226, 'руско'),
(2227, 'рутав'),
(2228, 'рутер'),
(2229, 'ручак'),
(2230, 'ручка'),
(2231, 'ручке'),
(2232, 'ручна'),
(2233, 'ручне'),
(2234, 'ручно'),
(2235, 'рујан'),
(2236, 'рђави'),
(2237, 'сабат'),
(2238, 'сабор'),
(2239, 'сабља'),
(2240, 'сабље'),
(2241, 'савез'),
(2242, 'савет'),
(2243, 'сазив'),
(2244, 'салаш'),
(2245, 'салва'),
(2246, 'салдо'),
(2247, 'салон'),
(2248, 'салса'),
(2249, 'салто'),
(2250, 'салун'),
(2251, 'салце'),
(2252, 'самар'),
(2253, 'самац'),
(2254, 'самба'),
(2255, 'самит'),
(2256, 'самрт'),
(2257, 'санак'),
(2258, 'санке'),
(2259, 'санта'),
(2260, 'санте'),
(2261, 'сапун'),
(2262, 'сарач'),
(2263, 'сарма'),
(2264, 'сарме'),
(2265, 'сатен'),
(2266, 'сатић'),
(2267, 'сатна'),
(2268, 'сауна'),
(2269, 'сауне'),
(2270, 'сафир'),
(2271, 'сачма'),
(2272, 'сајам'),
(2273, 'сајла'),
(2274, 'сајле'),
(2275, 'сањар'),
(2276, 'сањив'),
(2277, 'свака'),
(2278, 'сваки'),
(2279, 'свако'),
(2280, 'свађа'),
(2281, 'свеже'),
(2282, 'свест'),
(2283, 'свети'),
(2284, 'свето'),
(2285, 'свећа'),
(2286, 'свеће'),
(2287, 'свила'),
(2288, 'свита'),
(2289, 'свиња'),
(2290, 'свиње'),
(2291, 'свота'),
(2292, 'свраб'),
(2293, 'сврха'),
(2294, 'севап'),
(2295, 'север'),
(2296, 'седам'),
(2297, 'седеф'),
(2298, 'седло'),
(2299, 'секач'),
(2300, 'секта'),
(2301, 'селен'),
(2302, 'селфи'),
(2303, 'селце'),
(2304, 'семен'),
(2305, 'семит'),
(2306, 'сенат'),
(2307, 'сеник'),
(2308, 'сенка'),
(2309, 'сеоба'),
(2310, 'сеобе'),
(2311, 'сеоце'),
(2312, 'сепса'),
(2313, 'серво'),
(2314, 'серда'),
(2315, 'серум'),
(2316, 'сести'),
(2317, 'сетва'),
(2318, 'сетни'),
(2319, 'сетно'),
(2320, 'сецко'),
(2321, 'сејач'),
(2322, 'сељак'),
(2323, 'сењак'),
(2324, 'сивац'),
(2325, 'сигет'),
(2326, 'сигма'),
(2327, 'сидро'),
(2328, 'силан'),
(2329, 'силне'),
(2330, 'силос'),
(2331, 'синак'),
(2332, 'синко'),
(2333, 'синод'),
(2334, 'синус'),
(2335, 'сипач'),
(2336, 'сипња'),
(2337, 'сирак'),
(2338, 'сирац'),
(2339, 'сирка'),
(2340, 'сирот'),
(2341, 'сируп'),
(2342, 'сирће'),
(2343, 'сисак'),
(2344, 'сисар'),
(2345, 'ситни'),
(2346, 'ситно'),
(2347, 'сифон'),
(2348, 'сињак'),
(2349, 'скала'),
(2350, 'скалп'),
(2351, 'сканк'),
(2352, 'скаут'),
(2353, 'сквер'),
(2354, 'сквош'),
(2355, 'скела'),
(2356, 'скејт'),
(2357, 'скица'),
(2358, 'скице'),
(2359, 'скија'),
(2360, 'скије'),
(2361, 'склад'),
(2362, 'склек'),
(2363, 'склоп'),
(2364, 'скоро'),
(2365, 'скроб'),
(2366, 'скуба'),
(2367, 'скупо'),
(2368, 'скуша'),
(2369, 'слаби'),
(2370, 'слава'),
(2371, 'славе'),
(2372, 'слама'),
(2373, 'слана'),
(2374, 'слане'),
(2375, 'слани'),
(2376, 'слано'),
(2377, 'сласт'),
(2378, 'слати'),
(2379, 'слађе'),
(2380, 'слајд'),
(2381, 'слајс'),
(2382, 'слања'),
(2383, 'слање'),
(2384, 'слеме'),
(2385, 'сленг'),
(2386, 'слепо'),
(2387, 'слика'),
(2388, 'слике'),
(2389, 'слина'),
(2390, 'слине'),
(2391, 'слова'),
(2392, 'слово'),
(2393, 'слога'),
(2394, 'слота'),
(2395, 'слуга'),
(2396, 'смена'),
(2397, 'смеса'),
(2398, 'смеша'),
(2399, 'смеше'),
(2400, 'смеђе'),
(2401, 'смеће'),
(2402, 'смиље'),
(2403, 'смола'),
(2404, 'смрад'),
(2405, 'смрда'),
(2406, 'смрча'),
(2407, 'снага'),
(2408, 'снаге'),
(2409, 'снаха'),
(2410, 'снахе'),
(2411, 'снаша'),
(2412, 'снаја'),
(2413, 'снови'),
(2414, 'собар'),
(2415, 'собна'),
(2416, 'собни'),
(2417, 'содар'),
(2418, 'сокак'),
(2419, 'сокић'),
(2420, 'сокна'),
(2421, 'сокол'),
(2422, 'сомић'),
(2423, 'сомот'),
(2424, 'сомун'),
(2425, 'сомче'),
(2426, 'сонар'),
(2427, 'сонда'),
(2428, 'сонет'),
(2429, 'сорта'),
(2430, 'сорте'),
(2431, 'софра'),
(2432, 'сочан'),
(2433, 'сочна'),
(2434, 'сочно'),
(2435, 'сојка'),
(2436, 'спика'),
(2437, 'сплав'),
(2438, 'сплет'),
(2439, 'спона'),
(2440, 'спора'),
(2441, 'споре'),
(2442, 'споро'),
(2443, 'спорт'),
(2444, 'спрат'),
(2445, 'спрег'),
(2446, 'спреј'),
(2447, 'спруд'),
(2448, 'спуст'),
(2449, 'срање'),
(2450, 'србин'),
(2451, 'срдња'),
(2452, 'среда'),
(2453, 'срећа'),
(2454, 'српањ'),
(2455, 'срџба'),
(2456, 'стадо'),
(2457, 'стаза'),
(2458, 'стазе'),
(2459, 'стара'),
(2460, 'старе'),
(2461, 'стари'),
(2462, 'стаја'),
(2463, 'стање'),
(2464, 'ствар'),
(2465, 'створ'),
(2466, 'стега'),
(2467, 'стена'),
(2468, 'стент'),
(2469, 'степа'),
(2470, 'стићи'),
(2471, 'стока'),
(2472, 'стоке'),
(2473, 'стопа'),
(2474, 'стори'),
(2475, 'стран'),
(2476, 'страх'),
(2477, 'стрес'),
(2478, 'стрим'),
(2479, 'стрип'),
(2480, 'стриц'),
(2481, 'стрми'),
(2482, 'строј'),
(2483, 'струг'),
(2484, 'струк'),
(2485, 'судан'),
(2486, 'судар'),
(2487, 'судац'),
(2488, 'судба'),
(2489, 'сужањ'),
(2490, 'сукно'),
(2491, 'сукоб'),
(2492, 'сукња'),
(2493, 'сумер'),
(2494, 'сумња'),
(2495, 'сунце'),
(2496, 'супер'),
(2497, 'сурла'),
(2498, 'сусам'),
(2499, 'сусед'),
(2500, 'сутон'),
(2501, 'сутра'),
(2502, 'суфле'),
(2503, 'сућут'),
(2504, 'суџук'),
(2505, 'сфера'),
(2506, 'сцена'),
(2507, 'табан'),
(2508, 'табла'),
(2509, 'табор'),
(2510, 'таван'),
(2511, 'тавче'),
(2512, 'такос'),
(2513, 'такса'),
(2514, 'таксе'),
(2515, 'такси'),
(2516, 'талас'),
(2517, 'талац'),
(2518, 'талир'),
(2519, 'талог'),
(2520, 'талон'),
(2521, 'тамне'),
(2522, 'танак'),
(2523, 'танго'),
(2524, 'танка'),
(2525, 'танки'),
(2526, 'танко'),
(2527, 'тапет'),
(2528, 'тапир'),
(2529, 'тарот'),
(2530, 'татар'),
(2531, 'татко'),
(2532, 'тацна'),
(2533, 'тачан'),
(2534, 'тачка'),
(2535, 'тачке'),
(2536, 'тачне'),
(2537, 'тачно'),
(2538, 'ташна'),
(2539, 'ташне'),
(2540, 'ташта'),
(2541, 'тајац'),
(2542, 'тајга'),
(2543, 'тајна'),
(2544, 'тајни'),
(2545, 'тајно'),
(2546, 'тањир'),
(2547, 'твист'),
(2548, 'тврђа'),
(2549, 'тегет'),
(2550, 'тегић'),
(2551, 'тегла'),
(2552, 'тегле'),
(2553, 'тежак'),
(2554, 'тежња'),
(2555, 'тезга'),
(2556, 'теист'),
(2557, 'текма'),
(2558, 'текст'),
(2559, 'телеп'),
(2560, 'телур'),
(2561, 'темељ'),
(2562, 'темпо'),
(2563, 'тенис'),
(2564, 'тенор'),
(2565, 'тепих'),
(2566, 'терач'),
(2567, 'терен'),
(2568, 'терет'),
(2569, 'терма'),
(2570, 'терор'),
(2571, 'тесан'),
(2572, 'тесар'),
(2573, 'тесла'),
(2574, 'тесна'),
(2575, 'тесне'),
(2576, 'тесни'),
(2577, 'тесно'),
(2578, 'тесто'),
(2579, 'тетак'),
(2580, 'тетка'),
(2581, 'тетра'),
(2582, 'техно'),
(2583, 'течан'),
(2584, 'течај'),
(2585, 'течни'),
(2586, 'тешка'),
(2587, 'тешки'),
(2588, 'тешко'),
(2589, 'тигар'),
(2590, 'тигањ'),
(2591, 'тизер'),
(2592, 'тиква'),
(2593, 'тикет'),
(2594, 'тинта'),
(2595, 'типик'),
(2596, 'типка'),
(2597, 'тираж'),
(2598, 'тиран'),
(2599, 'титан'),
(2600, 'тифус'),
(2601, 'ткаља'),
(2602, 'ткање'),
(2603, 'ткиво'),
(2604, 'тмина'),
(2605, 'товар'),
(2606, 'токен'),
(2607, 'тонац'),
(2608, 'тонер'),
(2609, 'тоник'),
(2610, 'тонус'),
(2611, 'топаз'),
(2612, 'топик'),
(2613, 'топић'),
(2614, 'топло'),
(2615, 'топот'),
(2616, 'топуз'),
(2617, 'торањ'),
(2618, 'торба'),
(2619, 'торбе'),
(2620, 'торзо'),
(2621, 'торта'),
(2622, 'тотем'),
(2623, 'точак'),
(2624, 'трава'),
(2625, 'трака'),
(2626, 'траке'),
(2627, 'тракт'),
(2628, 'транс'),
(2629, 'траса'),
(2630, 'трасе'),
(2631, 'трафо'),
(2632, 'трбух'),
(2633, 'треба'),
(2634, 'трема'),
(2635, 'тренд'),
(2636, 'трење'),
(2637, 'трећа'),
(2638, 'треће'),
(2639, 'трећи'),
(2640, 'трзај'),
(2641, 'трико'),
(2642, 'трица'),
(2643, 'тркач'),
(2644, 'трово'),
(2645, 'трола'),
(2646, 'тромб'),
(2647, 'тропа'),
(2648, 'троје'),
(2649, 'трска'),
(2650, 'труба'),
(2651, 'трубе'),
(2652, 'трупа'),
(2653, 'труње'),
(2654, 'трчак'),
(2655, 'тужан'),
(2656, 'тужба'),
(2657, 'тужна'),
(2658, 'тужни'),
(2659, 'тужно'),
(2660, 'тулум'),
(2661, 'тумач'),
(2662, 'тумор'),
(2663, 'тунел'),
(2664, 'тупав'),
(2665, 'тупан'),
(2666, 'турбо'),
(2667, 'тутањ'),
(2668, 'тутор'),
(2669, 'тутња'),
(2670, 'туфер'),
(2671, 'туфна'),
(2672, 'туфне'),
(2673, 'туцањ'),
(2674, 'тучак'),
(2675, 'туђин'),
(2676, 'туљан'),
(2677, 'туњав'),
(2678, 'убаво'),
(2679, 'убица'),
(2680, 'убице'),
(2681, 'убоди'),
(2682, 'убрзо'),
(2683, 'убрус'),
(2684, 'увала'),
(2685, 'увале'),
(2686, 'увече'),
(2687, 'углед'),
(2688, 'угриз'),
(2689, 'угљен'),
(2690, 'удате'),
(2691, 'удаја'),
(2692, 'удбаш'),
(2693, 'удеси'),
(2694, 'удица'),
(2695, 'удице'),
(2696, 'удова'),
(2697, 'ужина'),
(2698, 'ужине'),
(2699, 'узвик'),
(2700, 'узгој'),
(2701, 'уздах'),
(2702, 'узети'),
(2703, 'узица'),
(2704, 'узлет'),
(2705, 'узора'),
(2706, 'узори'),
(2707, 'узрок'),
(2708, 'уклоп'),
(2709, 'укори'),
(2710, 'украс'),
(2711, 'улази'),
(2712, 'улити'),
(2713, 'улица'),
(2714, 'улице'),
(2715, 'улога'),
(2716, 'улоге'),
(2717, 'умаци'),
(2718, 'умети'),
(2719, 'умеће'),
(2720, 'умити'),
(2721, 'умњак'),
(2722, 'унија'),
(2723, 'унука'),
(2724, 'унуци'),
(2725, 'унуче'),
(2726, 'упала'),
(2727, 'уплив'),
(2728, 'упора'),
(2729, 'упута'),
(2730, 'урлик'),
(2731, 'урота'),
(2732, 'ускок'),
(2733, 'ускрс'),
(2734, 'услов'),
(2735, 'усмен'),
(2736, 'успех'),
(2737, 'успон'),
(2738, 'успут'),
(2739, 'устав'),
(2740, 'утаја'),
(2741, 'утега'),
(2742, 'утеха'),
(2743, 'утехе'),
(2744, 'утока'),
(2745, 'утрка'),
(2746, 'ухлеб'),
(2747, 'ухода'),
(2748, 'уходе'),
(2749, 'уцена'),
(2750, 'учење'),
(2751, 'учити'),
(2752, 'учкур'),
(2753, 'ушара'),
(2754, 'уштрб'),
(2755, 'уједи'),
(2756, 'фагот'),
(2757, 'фазан'),
(2758, 'фазон'),
(2759, 'факат'),
(2760, 'факир'),
(2761, 'фалус'),
(2762, 'фарад'),
(2763, 'фарба'),
(2764, 'фарма'),
(2765, 'фарса'),
(2766, 'фарсе'),
(2767, 'фауна'),
(2768, 'фегет'),
(2769, 'федер'),
(2770, 'фелер'),
(2771, 'фелна'),
(2772, 'фелне'),
(2773, 'ферка'),
(2774, 'фетиш'),
(2775, 'фетус'),
(2776, 'фешта'),
(2777, 'фењер'),
(2778, 'фибер'),
(2779, 'фикус'),
(2780, 'филер'),
(2781, 'филет'),
(2782, 'филип'),
(2783, 'финац'),
(2784, 'финиш'),
(2785, 'финта'),
(2786, 'фиока'),
(2787, 'фиоке'),
(2788, 'фирер'),
(2789, 'фирма'),
(2790, 'фитиљ'),
(2791, 'фишек'),
(2792, 'фишер'),
(2793, 'фијук'),
(2794, 'флаша'),
(2795, 'флека'),
(2796, 'флекс'),
(2797, 'флерт'),
(2798, 'флопи'),
(2799, 'флора'),
(2800, 'флуид'),
(2801, 'флукс'),
(2802, 'флуор'),
(2803, 'фоаје'),
(2804, 'фокус'),
(2805, 'форма'),
(2806, 'форме'),
(2807, 'форум'),
(2808, 'фосна'),
(2809, 'фосне'),
(2810, 'фотка'),
(2811, 'фотке'),
(2812, 'фраза'),
(2813, 'фразе'),
(2814, 'фрапе'),
(2815, 'фреза'),
(2816, 'фреон'),
(2817, 'фронт'),
(2818, 'фртаљ'),
(2819, 'фрула'),
(2820, 'фруле'),
(2821, 'фугна'),
(2822, 'фунта'),
(2823, 'фурда'),
(2824, 'футур'),
(2825, 'фјорд'),
(2826, 'хазар'),
(2827, 'хаику'),
(2828, 'хакер'),
(2829, 'халва'),
(2830, 'хамер'),
(2831, 'харач'),
(2832, 'харем'),
(2833, 'харфа'),
(2834, 'хаски'),
(2835, 'хауба'),
(2836, 'хашиш'),
(2837, 'хајат'),
(2838, 'хајка'),
(2839, 'хвала'),
(2840, 'хелен'),
(2841, 'херој'),
(2842, 'хељда'),
(2843, 'хидра'),
(2844, 'хилти'),
(2845, 'химен'),
(2846, 'химна'),
(2847, 'химне'),
(2848, 'хипик'),
(2849, 'хитац'),
(2850, 'хитна'),
(2851, 'хитни'),
(2852, 'хитно'),
(2853, 'хитра'),
(2854, 'хитри'),
(2855, 'хитро'),
(2856, 'хиџаб'),
(2857, 'хобит'),
(2858, 'ходач'),
(2859, 'хокеј'),
(2860, 'хокла'),
(2861, 'хорда'),
(2862, 'хорде'),
(2863, 'хорог'),
(2864, 'хорор'),
(2865, 'хотел'),
(2866, 'храна'),
(2867, 'храст'),
(2868, 'хрват'),
(2869, 'хрвач'),
(2870, 'хрчак'),
(2871, 'хтење'),
(2872, 'хуман'),
(2873, 'хумка'),
(2874, 'хумор'),
(2875, 'хумус'),
(2876, 'хунта'),
(2877, 'хусар'),
(2878, 'царић'),
(2879, 'цвала'),
(2880, 'цвета'),
(2881, 'цвеће'),
(2882, 'цевка'),
(2883, 'цевке'),
(2884, 'цегер'),
(2885, 'цезар'),
(2886, 'целер'),
(2887, 'цента'),
(2888, 'цепач'),
(2889, 'цепка'),
(2890, 'цеста'),
(2891, 'цивил'),
(2892, 'циган'),
(2893, 'цигла'),
(2894, 'цигле'),
(2895, 'цимер'),
(2896, 'цимет'),
(2897, 'циник'),
(2898, 'циста'),
(2899, 'цитат'),
(2900, 'цитра'),
(2901, 'цифра'),
(2902, 'цијук'),
(2903, 'циљна'),
(2904, 'црвен'),
(2905, 'црвић'),
(2906, 'црева'),
(2907, 'црево'),
(2908, 'црква'),
(2909, 'црнац'),
(2910, 'црнка'),
(2911, 'црнци'),
(2912, 'цртач'),
(2913, 'цртаћ'),
(2914, 'цртеж'),
(2915, 'црњак'),
(2916, 'цугер'),
(2917, 'цуцла'),
(2918, 'чабар'),
(2919, 'чавка'),
(2920, 'чавла'),
(2921, 'чакра'),
(2922, 'чакља'),
(2923, 'чалма'),
(2924, 'чамац'),
(2925, 'чамци'),
(2926, 'чанак'),
(2927, 'чанче'),
(2928, 'чапља'),
(2929, 'чарда'),
(2930, 'чарка'),
(2931, 'часак'),
(2932, 'часна'),
(2933, 'часни'),
(2934, 'часно'),
(2935, 'чаура'),
(2936, 'чауре'),
(2937, 'чачак'),
(2938, 'чврга'),
(2939, 'чврст'),
(2940, 'чедар'),
(2941, 'чежња'),
(2942, 'чекић'),
(2943, 'челик'),
(2944, 'чемер'),
(2945, 'чеони'),
(2946, 'черга'),
(2947, 'черек'),
(2948, 'чесма'),
(2949, 'често'),
(2950, 'четка'),
(2951, 'чечен'),
(2952, 'чешаљ'),
(2953, 'чешањ'),
(2954, 'чељад'),
(2955, 'чибук'),
(2956, 'чигра'),
(2957, 'чизма'),
(2958, 'чикан'),
(2959, 'чиков'),
(2960, 'чикош'),
(2961, 'чилаш'),
(2962, 'чинак'),
(2963, 'чиода'),
(2964, 'чиопа'),
(2965, 'чипка'),
(2966, 'чипке'),
(2967, 'чирак'),
(2968, 'чирић'),
(2969, 'чиста'),
(2970, 'чисти'),
(2971, 'чисто'),
(2972, 'читач'),
(2973, 'читко'),
(2974, 'чичак'),
(2975, 'чобан'),
(2976, 'човек'),
(2977, 'чокањ'),
(2978, 'чокот'),
(2979, 'чопор'),
(2980, 'чорба'),
(2981, 'чорбе'),
(2982, 'чорда'),
(2983, 'чочек'),
(2984, 'чувар'),
(2985, 'чувен'),
(2986, 'чудак'),
(2987, 'чудан'),
(2988, 'чудна'),
(2989, 'чудне'),
(2990, 'чудни'),
(2991, 'чудно'),
(2992, 'чукаљ'),
(2993, 'чукур'),
(2994, 'чунак'),
(2995, 'чунић'),
(2996, 'чупав'),
(2997, 'чупка'),
(2998, 'чучањ'),
(2999, 'чуњић'),
(3000, 'шабан'),
(3001, 'шабат'),
(3002, 'шакал'),
(3003, 'шалон'),
(3004, 'шаман'),
(3005, 'шамар'),
(3006, 'шамла'),
(3007, 'шамот'),
(3008, 'шанац'),
(3009, 'шанер'),
(3010, 'шанса'),
(3011, 'шансе'),
(3012, 'шапат'),
(3013, 'шапка'),
(3014, 'шапут'),
(3015, 'шаран'),
(3016, 'шараф'),
(3017, 'шарац'),
(3018, 'шарга'),
(3019, 'шарен'),
(3020, 'шарка'),
(3021, 'шатор'),
(3022, 'шатра'),
(3023, 'шахта'),
(3024, 'шашав'),
(3025, 'шајба'),
(3026, 'шајка'),
(3027, 'шаљив'),
(3028, 'шваба'),
(3029, 'шваља'),
(3030, 'шверц'),
(3031, 'шврћа'),
(3032, 'шегрт'),
(3033, 'шерет'),
(3034, 'шериф'),
(3035, 'шерпа'),
(3036, 'шерпе'),
(3037, 'шеста'),
(3038, 'шетач'),
(3039, 'шетња'),
(3040, 'шетње'),
(3041, 'шехер'),
(3042, 'шешељ'),
(3043, 'шешир'),
(3044, 'шећер'),
(3045, 'шећир'),
(3046, 'шибер'),
(3047, 'шибље'),
(3048, 'шивач'),
(3049, 'шивен'),
(3050, 'шипак'),
(3051, 'шипка'),
(3052, 'ширма'),
(3053, 'широк'),
(3054, 'шифон'),
(3055, 'шифра'),
(3056, 'шишак'),
(3057, 'шишка'),
(3058, 'шишке'),
(3059, 'шишти'),
(3060, 'шиљак'),
(3061, 'шиљен'),
(3062, 'шињел'),
(3063, 'шкаре'),
(3064, 'шкарт'),
(3065, 'шкода'),
(3066, 'школа'),
(3067, 'школе'),
(3068, 'шкрга'),
(3069, 'шкрге'),
(3070, 'шкрти'),
(3071, 'шлауф'),
(3072, 'шлајм'),
(3073, 'шлихт'),
(3074, 'шнала'),
(3075, 'шнале'),
(3076, 'шнапс'),
(3077, 'шобот'),
(3078, 'шодер'),
(3079, 'шортс'),
(3080, 'шотка'),
(3081, 'шофер'),
(3082, 'шошон'),
(3083, 'шојка'),
(3084, 'шпага'),
(3085, 'шпајз'),
(3086, 'шпица'),
(3087, 'шпиља'),
(3088, 'шприц'),
(3089, 'штака'),
(3090, 'штаке'),
(3091, 'штала'),
(3092, 'штанд'),
(3093, 'штене'),
(3094, 'штета'),
(3095, 'штиво'),
(3096, 'штрик'),
(3097, 'штука'),
(3098, 'штула'),
(3099, 'штура'),
(3100, 'шубер'),
(3101, 'шугав'),
(3102, 'шумар'),
(3103, 'шунка'),
(3104, 'шунке'),
(3105, 'шупак'),
(3106, 'шупља'),
(3107, 'шупље'),
(3108, 'шупљи'),
(3109, 'шурак'),
(3110, 'шутка'),
(3111, 'шушка'),
(3112, 'шљака'),
(3113, 'шљива'),
(3114, 'шљиве'),
(3115, 'ђакон'),
(3116, 'ђачић'),
(3117, 'ђачка'),
(3118, 'ђачки'),
(3119, 'ђерам'),
(3120, 'ђогат'),
(3121, 'ђубре'),
(3122, 'ђувеч'),
(3123, 'ђулић'),
(3124, 'ђунта'),
(3125, 'јавна'),
(3126, 'јавне'),
(3127, 'јавни'),
(3128, 'јавно'),
(3129, 'јавор'),
(3130, 'јагер'),
(3131, 'јагње'),
(3132, 'јадац'),
(3133, 'јадне'),
(3134, 'јадни'),
(3135, 'јадно'),
(3136, 'јакна'),
(3137, 'јакне'),
(3138, 'јамар'),
(3139, 'јамац'),
(3140, 'јарак'),
(3141, 'јарам'),
(3142, 'јаран'),
(3143, 'јарац'),
(3144, 'јарић'),
(3145, 'јарка'),
(3146, 'јарке'),
(3147, 'јарко'),
(3148, 'јарма'),
(3149, 'јарци'),
(3150, 'јасан'),
(3151, 'јасен'),
(3152, 'јасле'),
(3153, 'јасна'),
(3154, 'јасне'),
(3155, 'јасни'),
(3156, 'јатак'),
(3157, 'јауци'),
(3158, 'јахач'),
(3159, 'јахта'),
(3160, 'јахте'),
(3161, 'јајце'),
(3162, 'јегер'),
(3163, 'један'),
(3164, 'једва'),
(3165, 'једро'),
(3166, 'језик'),
(3167, 'јелек'),
(3168, 'јелен'),
(3169, 'јелка'),
(3170, 'јемац'),
(3171, 'јесен'),
(3172, 'јести'),
(3173, 'јетра'),
(3174, 'јецај'),
(3175, 'јечам'),
(3176, 'јужна'),
(3177, 'јужне'),
(3178, 'јужни'),
(3179, 'јужно'),
(3180, 'јунак'),
(3181, 'јунац'),
(3182, 'јуриш'),
(3183, 'јутра'),
(3184, 'јутро'),
(3185, 'љевка'),
(3186, 'љеска'),
(3187, 'љигав'),
(3188, 'љиљак'),
(3189, 'љиљан'),
(3190, 'љубав'),
(3191, 'љупка'),
(3192, 'љуска'),
(3193, 'љуспа'),
(3194, 'љутић'),
(3195, 'љутња'),
(3196, 'љутње'),
(3197, 'његов'),
(3198, 'њушка'),
(3199, 'ћалац'),
(3200, 'ћевап'),
(3201, 'ћелав'),
(3202, 'ћерка'),
(3203, 'ћесар'),
(3204, 'ћивот'),
(3205, 'ћилер'),
(3206, 'ћилим'),
(3207, 'ћитап'),
(3208, 'ћопав'),
(3209, 'ћорав'),
(3210, 'ћорак'),
(3211, 'ћорка'),
(3212, 'ћосав'),
(3213, 'ћошак'),
(3214, 'ћувик'),
(3215, 'ћумез'),
(3216, 'ћумур'),
(3217, 'ћупић'),
(3218, 'ћурак'),
(3219, 'ћуран'),
(3220, 'ћурка'),
(3221, 'ћуфта'),
(3222, 'ћушка'),
(3223, 'џакче'),
(3224, 'џанки'),
(3225, 'џедај'),
(3226, 'џезва'),
(3227, 'џезер'),
(3228, 'џелат'),
(3229, 'џенет'),
(3230, 'џепић'),
(3231, 'џепна'),
(3232, 'џепне'),
(3233, 'џепни'),
(3234, 'џибер'),
(3235, 'џибра'),
(3236, 'џилит'),
(3237, 'џихад'),
(3238, 'џогер'),
(3239, 'џоинт'),
(3240, 'џокер'),
(3241, 'џокеј'),
(3242, 'џомба'),
(3243, 'џукац'),
(3244, 'џумле');

-- --------------------------------------------------------

--
-- Table structure for table `statistika`
--

DROP TABLE IF EXISTS `statistika`;
CREATE TABLE IF NOT EXISTS `statistika` (
  `idS` int NOT NULL AUTO_INCREMENT,
  `brojPoena` int NOT NULL,
  `brojPobeda` int NOT NULL,
  `brojNeresenih` int NOT NULL,
  `brojPoraza` int NOT NULL,
  `arcadeRecord` int NOT NULL,
  `username` varchar(50) CHARACTER SET utf8 COLLATE utf8_unicode_ci NOT NULL,
  PRIMARY KEY (`idS`),
  KEY `fk_statistika_korisnik` (`username`)
) ENGINE=InnoDB AUTO_INCREMENT=11 DEFAULT CHARSET=utf8mb3 COLLATE=utf8_unicode_ci;

--
-- Dumping data for table `statistika`
--

INSERT INTO `statistika` (`idS`, `brojPoena`, `brojPobeda`, `brojNeresenih`, `brojPoraza`, `arcadeRecord`, `username`) VALUES
(1, 0, 0, 0, 0, 0, 'luka'),
(2, 0, 0, 0, 0, 0, 'kaca'),
(3, 0, 0, 0, 0, 0, 'iva'),
(4, 0, 0, 0, 0, 0, 'uros'),
(5, 18737, 2, 47, 5, 7, 'marko'),
(6, 24487, 5, 47, 2, 2, 'petar'),
(7, 0, 0, 0, 0, 0, 'mika'),
(9, 0, 0, 0, 0, 0, 'nikola'),
(10, 0, 0, 0, 0, 0, 'zika');

-- --------------------------------------------------------

--
-- Table structure for table `vip_zahtev`
--

DROP TABLE IF EXISTS `vip_zahtev`;
CREATE TABLE IF NOT EXISTS `vip_zahtev` (
  `idZ` int NOT NULL AUTO_INCREMENT,
  `opis` text CHARACTER SET utf8 COLLATE utf8_unicode_ci,
  `status` varchar(50) CHARACTER SET utf8 COLLATE utf8_unicode_ci NOT NULL,
  `username` varchar(50) CHARACTER SET utf8 COLLATE utf8_unicode_ci NOT NULL,
  PRIMARY KEY (`idZ`),
  KEY `fk_VipZahtev_korisnik` (`username`)
) ENGINE=InnoDB AUTO_INCREMENT=3 DEFAULT CHARSET=utf8mb3 COLLATE=utf8_unicode_ci;

--
-- Dumping data for table `vip_zahtev`
--

INSERT INTO `vip_zahtev` (`idZ`, `opis`, `status`, `username`) VALUES
(1, 'ispunio uslov', 'P', 'marko'),
(2, 'ispunio uslov', 'P', 'petar');

--
-- Constraints for dumped tables
--

--
-- Constraints for table `igra`
--
ALTER TABLE `igra`
  ADD CONSTRAINT `fk_igra_korisnik1` FOREIGN KEY (`username1`) REFERENCES `korisnik` (`username`),
  ADD CONSTRAINT `fk_igra_korisnik2` FOREIGN KEY (`username2`) REFERENCES `korisnik` (`username`);

--
-- Constraints for table `prijava_greske`
--
ALTER TABLE `prijava_greske`
  ADD CONSTRAINT `fk_PrijavaGreske_Admin` FOREIGN KEY (`admin`) REFERENCES `korisnik` (`username`),
  ADD CONSTRAINT `fk_PrijavaGreske_Korisnik` FOREIGN KEY (`username`) REFERENCES `korisnik` (`username`);

--
-- Constraints for table `statistika`
--
ALTER TABLE `statistika`
  ADD CONSTRAINT `fk_statistika_korisnik` FOREIGN KEY (`username`) REFERENCES `korisnik` (`username`);

--
-- Constraints for table `vip_zahtev`
--
ALTER TABLE `vip_zahtev`
  ADD CONSTRAINT `fk_VipZahtev_korisnik` FOREIGN KEY (`username`) REFERENCES `korisnik` (`username`);
COMMIT;

/*!40101 SET CHARACTER_SET_CLIENT=@OLD_CHARACTER_SET_CLIENT */;
/*!40101 SET CHARACTER_SET_RESULTS=@OLD_CHARACTER_SET_RESULTS */;
/*!40101 SET COLLATION_CONNECTION=@OLD_COLLATION_CONNECTION */;
